C¢digo;Marca;Modelo;C. Homologaci¢n;F. Homologaci¢n;;
EAT25000050;CISCO;SFP10GSR;HET25000002;21/11/2025;;
EAT25000049;CISCO;C130048P4X;HET25000001;21/11/2025;;
EAT25000004;SENKE;SK_65GBH3;HET25000004;21/11/2025;;
EAT25000005;SENKE;SK_85GBH3;HET25000003;21/11/2025;;
EAT25000050;CISCO;SFP10GSR;HET25000002;21/11/2025;;
EAT25000049;CISCO;C130048P4X;HET25000001;21/11/2025;;
EAT25000050;CISCO;SFP10GSR;HET25000002;21/11/2025;;
EAT25000049;CISCO;C130048P4X;HET25000001;21/11/2025;;
EAT25000063;CUDY;M36003PACK;HET25000021;26/11/2025;;
EAT25000062;CUDY;M36002PACK;HET25000020;26/11/2025;;
EAT25000010;CUDY;M36001PACK;HET25000019;26/11/2025;;
EAT25000053;CUDY;M15003PACK;HET25000018;26/11/2025;;
EAT25000018;CUDY;FS108D;HET25000017;26/11/2025;;
EAT25000055;CUDY;M30003PACK;HET25000016;26/11/2025;;
EAT25000054;CUDY;M30001PACK;HET25000015;26/11/2025;;
EAT25000025;CUDY;FS105D;HET25000014;26/11/2025;;
EAT25000022;CUDY;AP1300;HET25000013;26/11/2025;;
EAT25000024;CUDY;AP3600;HET25000012;26/11/2025;;
EAT25000023;CUDY;AP3000_OUTDOOR;HET25000011;26/11/2025;;
EAT25000029;SOFTEL;SFT9232;HET25000010;26/11/2025;;
EAT25000028;SOFTEL;SFT3332;HET25000009;26/11/2025;;
EAT25000044;HAVIT;TW958_PRO;HET25000008;26/11/2025;;
EAT25000043;HAVIT;SK851BT;HET25000007;26/11/2025;;
EAT25000114;GARMIN;EPIX_PRO_GEN_2;HET25000006;26/11/2025;;
EAT25000131;TPLINK;DECO_X50;HET25000005;26/11/2025;;
EAT25000011;NOVA;TX2NV4433BPS;HET25000048;28/11/2025;;
EAT25000013;NOVA;TX1NV4433;HET25000047;28/11/2025;;
EAT25000031;HAVIT;E553BT;HET25000046;28/11/2025;;
EAT25000034;HAVIT;IPC20;HET25000045;28/11/2025;;
EAT25000042;LENOVO;MOBTQ2O;HET25000044;28/11/2025;;
EAT25000133;CONTINENTAL;23040401;HET25000043;28/11/2025;;
EAT25000066;CUDY;RE3600;HET25000042;28/11/2025;;
EAT25000065;CUDY;POE15;HET25000041;28/11/2025;;
EAT25000068;CUDY;WR1300E;HET25000040;28/11/2025;;
EAT25000067;CUDY;WR300;HET25000039;28/11/2025;;
EAT25000069;CUDY;WR6500H;HET25000038;28/11/2025;;
EAT25000071;HAVIT;SK818BT;HET25000037;28/11/2025;;
EAT25000070;HAVIT;OWS915;HET25000036;28/11/2025;;
EAT25000072;HAVIT;TW982;HET25000035;28/11/2025;;
EAT25000074;RUIJIE_REYEE;RGM18;HET25000034;28/11/2025;;
EAT25000083;DARKTRACE;E82S;HET25000033;28/11/2025;;
EAT25000084;DARKTRACE;E87S;HET25000032;28/11/2025;;
EAT25000082;HUAWEI;HG8010H;HET25000031;28/11/2025;;
EAT25000085;RUIJIE_REYEE;RGNBS320048GT4XSP;HET25000030;28/11/2025;;
EAT25000094;RUIJIE_REYEE;RGRAP62OD;HET25000029;28/11/2025;;
EAT25000168;JD_PRODUT_CA;JD_176L;HET25000028;28/11/2025;;
EAT25000166;JD_PRODUCT_CA;JD506_M;HET25000027;28/11/2025;;
EAT25000165;JD_PRODUTC_CA;JD_506L;HET25000026;28/11/2025;;
EAT25000167;JD_PRODUCT_CA;JD_508H;HET25000025;28/11/2025;;
EAT25000132;RUIJIE_REYEE;RGRAP6260H;HET25000024;28/11/2025;;
EAT25000142;HUAWEI;S6730H24X6C;HET25000023;28/11/2025;;
EAT25000144;RUIJIE_REYEE;RGRAP6260G;HET25000022;28/11/2025;;
EAT25000157;RUIJIE_REYEE;RGPOEAT30;HET25000070;3/12/2025;;
EAT25000162;RUIJIE_REYEE;RGPOEAF15;HET25000069;3/12/2025;;
EAT25000164;YOUTH;HZYEYAXGSX;HET25000068;3/12/2025;;
EAT25000169;RUIJIE_REYEE;RGPOE5060WMG;HET25000067;3/12/2025;;
EAT25000174;RUIJIE_REYEE;RGNBR6215E;HET25000066;3/12/2025;;
EAT25000175;ROSS;MC1MK4GBR2;HET25000065;3/12/2025;;
EAT25000184;RUIJIE_REYEE;RGES08G;HET25000064;3/12/2025;;
EAT25000197;HUAWEI;HN8145X6;HET25000063;3/12/2025;;
EAT25000202;OPTICAL_NETWORK_UNIT;2100M;HET25000062;3/12/2025;;
EAT25000209;RUIJIE_REYEE;RGRAP72PROOD;HET25000061;3/12/2025;;
EAT25000221;RUIJIE_REYEE;RGEW3200GXPRO;HET25000060;3/12/2025;;
EAT25000223;RUIJIE_REYEE;RGES216GCV2;HET25000059;3/12/2025;;
EAT25000231;GPON_ONU;ZXHN_F680;HET25000058;3/12/2025;;
EAT25000241;RUIJIE_REYEE;RGES124GD;HET25000057;3/12/2025;;
EAT25000240;RX12L_PRO;TENDA_RX12L_PRO;HET25000056;3/12/2025;;
EAT25000245;GPON_ONU;SG8151;HET25000055;3/12/2025;;
EAT25000248;IBR_DAX;GT_182;HET25000054;3/12/2025;;
EAT25000249;RUIJIE_REYEE;RGES118SLP;HET25000053;3/12/2025;;
EAT25000250;GTRONIC;GT40S1__GTV25FHD;HET25000052;3/12/2025;;
EAT25000273;RUIJIE_REYEE;RGNBS310024GT4SFPP;HET25000051;3/12/2025;;
EAT25000277;RUIJIE_REYEE;RGM32;HET25000050;3/12/2025;;
EAT25000284;RUIJIE_REYEE;RGNBS31008GT2SFPP;HET25000049;3/12/2025;;
EAT25000231;GPON_ONU;ZXHN_F680;HET25000058;3/12/2025;;
EAT25000199;CERAGON_NETWORKS_LTD;FIBER_AIR_RFU_C_8;HET25000075;4/12/2025;;
EAT25000198;CERAGON_NETWORKS_LTD;FIBER_AIR_RFU_C_7;HET25000074;4/12/2025;;
EAT25000201;CERAGON_NETWORKS_LTD;FIBER_AIR_RFU_C_18;HET25000073;4/12/2025;;
EAT25000200;CERAGON_NETWORKS_LTD;FIBER_AIR_RFU_C_13;HET25000072;4/12/2025;;
EAT25000178;IP20N;IP20N;HET25000071;4/12/2025;;
EAT25000333;BAICELLS_TECHNOLOGIES_CO_LTD;BSC7078A227;HET25000084;8/12/2025;;
EAT25000302;ROHDE_SCHWARZ;THU9_EVO;HET25000083;8/12/2025;;
EAT25000301;ROHDE_SCHWARZ;THU9;HET25000082;8/12/2025;;
EAT25000300;ROHDE_SCHWARZ;THR9;HET25000081;8/12/2025;;
EAT25000313;VSOL;V2804AX30H;HET25000080;8/12/2025;;
EAT25000320;ZTE;ZXMW_NR8961;HET25000079;8/12/2025;;
EAT25000326;TOYOTA;TMLF19DA;HET25000078;8/12/2025;;
EAT25000334;HILINK;HL100G_QSFP28_ESPECIFICO_QSFP28_LR4;HET25000077;8/12/2025;;
EAT25000335;HILINK;HL_400G_CFP2;HET25000076;8/12/2025;;
EAT25000320;ZTE;ZXMW_NR8961;HET25000079;8/12/2025;;
EAT25000313;VSOL;V2804AX30H;HET25000080;8/12/2025;;
EAT25000104;KENWOOD;TS890;HET25000099;10/12/2025;;
EAT25000314;JD_PRODUCT;JD176M;HET25000098;10/12/2025;;
EAT25000329;HUAWEI;H87Z00B65020;HET25000097;10/12/2025;;
EAT25000328;HUAWEI;H93ZMA5801S18;HET25000096;10/12/2025;;
EAT25000330;FIBERWDM;FW8800;HET25000095;10/12/2025;;
EAT25000331;FIBERWDM;FW6600B;HET25000094;10/12/2025;;
EAT25000332;FIBERWDM;DWDM_MUX_DEMUX;HET25000093;10/12/2025;;
EAT25000345;MAPESEN;POE1G16G22NP250;HET25000092;10/12/2025;;
EAT25000347;JD_PRODUCT;JDBPF4573;HET25000091;10/12/2025;;
EAT25000346;JD_PRODUCT;JDBPF1504;HET25000090;10/12/2025;;
EAT25000348;FYJ;F188;HET25000089;10/12/2025;;
EAT25000382;BAOFENG;UV32;HET25000088;10/12/2025;;
EAT25000383;BAOFENG;UV28_PLUS;HET25000087;10/12/2025;;
EAT25000406;DSPREAD;D60;HET25000085;10/12/2025;;
EAT25000401;SHIMANO;0ZC1;HET25000086;10/12/2025;;
EAT25000158;CISCO;QSFP_SFP10G_CVR;HET25000107;12/12/2025;;
EAT25000158;CISCO;QSFP_SFP10G_CVR;HET25000107;12/12/2025;;
EAT25000418;BAOFENG;5RH_PRO;HET25000105;12/12/2025;;
EAT25000417;BAOFENG;UV5R;HET25000104;12/12/2025;;
EAT25000416;BAOFENG;BF888S;HET25000103;12/12/2025;;
EAT25000433;DAIHATSU;DH19R7;HET25000102;12/12/2025;;
EAT25000463;FUJIFILM_SONOSITE;SONOSITE_MT_ULTRASOUND_SYSTEM;HET25000101;12/12/2025;;
EAT25000466;DSPREAD;D60;HET25000100;12/12/2025;;
EAT25000404;GM;WCGMA35A;HET25000106;12/12/2025;;
EAT25000158;CISCO;QSFP_SFP10G_CVR;HET25000107;12/12/2025;;
EAT25000458;BYD;MTCD03;HET25000138;19/12/2025;;
EAT25000468;HPE;HPE_PROLIANT_DL320_GEN11;HET25000137;19/12/2025;;
EAT25000467;ASUS;EXPERTBOOK_90NX0751M000K0;HET25000136;19/12/2025;;
EAT25000469;RACK__ASN;SUBMARINE_LINE_TERMINAL_QUIPAMENT;HET25000135;19/12/2025;;
EAT25000482;CERAGON_NETWORKS_LTD;FIBER_AIR_RFU_C_23_GHZ;HET25000134;19/12/2025;;
EAT25000484;BAOFENG;UV9R;HET25000133;19/12/2025;;
EAT25000483;BAOFENG;BF888S;HET25000132;19/12/2025;;
EAT25000496;FORTINET;FORTIGATE_121G;HET25000131;19/12/2025;;
EAT25000495;FORTINET;FORTIGATE_120G;HET25000130;19/12/2025;;
EAT25000497;TOKAI_RIKA;B4L2K2R;HET25000129;19/12/2025;;
EAT25000501;HARMONIC;COS-PIER1_PM-OLT18P1C;HET25000128;19/12/2025;;
EAT25000499;CIG;COS-ONU-CIG-XG99S;HET25000127;19/12/2025;;
EAT25000509;JVC;KW-M795BW;HET25000125;19/12/2025;;
EAT25000517;RUIJIE;RGAP820LV3;HET25000124;19/12/2025;;
EAT25000519;HUAWEI;MA5680T;HET25000123;19/12/2025;;
EAT25000521;BAOFENG;UV25PRO;HET25000122;19/12/2025;;
EAT25000520;BAOFENG;BF21M;HET25000121;19/12/2025;;
EAT25000522;BAOFENG;UV28_PRO;HET25000120;19/12/2025;;
EAT25000523;RUIJIE;RGAP840L;HET25000119;19/12/2025;;
EAT25000529;JVC;KW-Z900W;HET25000118;19/12/2025;;
EAT25000531;RUIJIE;RGE120GE;HET25000117;19/12/2025;;
EAT25000532;VOLKSWAGEN;FAMP-VW_HD4;HET25000116;19/12/2025;;
EAT25000533;RUIJIE_REYEE;RGEG209GS;HET25000115;19/12/2025;;
EAT25000536;RUIJIE;RGAP680CD;HET25000114;19/12/2025;;
EAT25000541;RUIJIE;RGAP840I;HET25000113;19/12/2025;;
EAT25000551;AXIOM;QSFP-100G-MM-SR-LC-70C-01;HET25000112;19/12/2025;;
EAT25000552;HARMONIC;COS-PIER1-BDL313236;HET25000111;19/12/2025;;
EAT25000553;HARMONIC;COS-PIER1-BDL313082;HET25000110;19/12/2025;;
EAT25000558;RUIJIE_REYEE;RG-EG105G-PV2;HET25000109;19/12/2025;;
EAT25000562;RUIJIE_REYEE;RG-EG210G-E;HET25000108;19/12/2025;;
EAT25000500;HISENSE;QSFP100G-SM10KM-LC85C_LTA1315PH1;HET25000126;19/12/2025;;
EAT25000501;HARMONIC;COS-PIER1_PM-OLT18P1C;HET25000128;19/12/2025;;
EAT25000559;VSOL;V1600G0-B;HET25000141;22/12/2025;;
EAT25000567;RUIJIE_REYEE;RG-EG305GH-P-E;HET25000140;22/12/2025;;
EAT25000569;RUIJIE_REYEE;RG-EG310GH-P-E;HET25000139;22/12/2025;;
EAT25000559;VSOL;V1600G0-B;HET25000141;22/12/2025;;
EAT25000288;JUNIPER_NETWORKS;JNP_100G;HET25000167;26/12/2025;;
EAT25000323;JDPRODUCT;JDHC457_2;HET25000165;26/12/2025;;
EAT25000321;JD_PRODUCT;JDID457D;HET25000164;26/12/2025;;
EAT25000324;JD_PRODUT_CA;JDHC157_2;HET25000163;26/12/2025;;
EAT25000322;JD_PRODUCT_CA;JDID457S;HET25000162;26/12/2025;;
EAT25000486;ONELINK;DT_XONU__4GE_1POTS_WIFI6;HET25000161;26/12/2025;;
EAT25000485;ONELINK;EG8141A5;HET25000160;26/12/2025;;
EAT25000535;TREZOR;T3W1;HET25000159;26/12/2025;;
EAT25000556;CHECK_POINT_TECHNOLOGIES_LTD;RR2-CP-RS20-1;HET25000158;26/12/2025;;
EAT25000555;CHECK_POINT_TECHNOLOGIES_LTD;RR2-CP-RM10-1;HET25000157;26/12/2025;;
EAT25000554;CHECK_POINT_TECHNOLOGIES_LTD;SN2410;HET25000156;26/12/2025;;
EAT25000557;CHECK_POINT_TECHNOLOGIES_LTD;SM-CP-7M10-1;HET25000155;26/12/2025;;
EAT25000581;FS;SFP-10GLR-31;HET25000154;26/12/2025;;
EAT25000570;RUIJIE;RG-EG2100-PV2;HET25000153;26/12/2025;;
EAT25000571;CHECK_POINT_TECHNOLOGIES_LTD;T90;HET25000152;26/12/2025;;
EAT25000572;CHECK_POINT_TECHNOLOGIES_LTD;T91;HET25000151;26/12/2025;;
EAT25000574;CHECK_POINT_TECHNOLOGIES_LTD;T93;HET25000150;26/12/2025;;
EAT25000573;CHECK_POINT_TECHNOLOGIES_LTD;T92;HET25000149;26/12/2025;;
EAT25000580;HUAWEI;MA5800-X15;HET25000148;26/12/2025;;
EAT25000583;FS;QSFP-SR4-100G;HET25000147;26/12/2025;;
EAT25000585;FS;2M_7FT_GENERIC_COMPATIBLE_10G_SFP_PASSIVE_DIRECT_ATTACH_COPPER_TWINAX_CABLE_SFPP-PC02;HET25000145;26/12/2025;;
EAT25000587;FS;15M_5FT_GENERIC_COMPATIBLE_100G_QSFP28_PASSIVE_DIRECT_ATTACH_COPPER_TWINAX_CABLE_QSFP28-100G-DAC;HET25000144;26/12/2025;;
EAT25000598;FORTINET;FG-50G_FG-51G;HET25000143;26/12/2025;;
EAT25000599;FORTINET;FG-90G_FG-91G;HET25000142;26/12/2025;;
EAT25000289;JUNIPER_NETWORKS;QSFPP_4X10GE;HET25000166;26/12/2025;;
EAT25000584;FS;QSFP28-LR4-100G;HET25000146;26/12/2025;;
EAT25000288;JUNIPER_NETWORKS;JNP_100G;HET25000167;26/12/2025;;
EAT25000289;JUNIPER_NETWORKS;QSFPP_4X10GE;HET25000166;26/12/2025;;
EAT25000153;BLUCASTLE;BCEG670;HET25000170;29/12/2025;;
EAT25000596;GIGALIGHT;GP-3124-L2CD;HET25000169;29/12/2025;;
EAT25000604;ONELINK;EG8145V5;HET25000168;29/12/2025;;
EAT25000626;JUNIPER_NETWORKS;MX301;HET25000171;30/12/2025;;
EAT25000626;JUNIPER_NETWORKS;MX301;HET25000171;30/12/2025;;
EAT25000620;BAOFENG;UV-5R_MINI;HET26000003;2/1/2026;;
EAT25000621;BAOFENG;BF-9700;HET26000002;2/1/2026;;
EAT25000665;UBIQUITI;UDM-PRO-MAX;HET26000001;2/1/2026;;
EAT26000006;UBIQUITI;U7-PRO-MAX;HET26000010;5/1/2026;;
EAT26000005;UBIQUITI;U6;HET26000009;5/1/2026;;
EAT26000004;UBIQUITI;USW-PRO-8-POE;HET26000008;5/1/2026;;
EAT26000003;UBIQUITI;USW-PRO-48-POE;HET26000007;5/1/2026;;
EAT26000008;HIKVISION;DS-3E1528P-SI-24P4F;HET26000006;5/1/2026;;
EAT26000007;HIKVISION;DS-3WG507G-SI;HET26000005;5/1/2026;;
EAT26000022;HIKVISION;DS-3E2736-HI-24F8T4X;HET26000004;5/1/2026;;
EAT25000643;ERICSSON;KRC118712;HET26000014;6/1/2026;;
EAT26000025;HIKVISION;DS-3T1506HP-EI-UPS;HET26000013;6/1/2026;;
EAT26000030;HIKVISION;DS-3T1512HP-SI-8P4F;HET26000012;6/1/2026;;
EAT26000032;HIKVISION;DS-3E1526P-SI;HET26000011;6/1/2026;;
EAT25000644;ERICSSON;KRC1616191;HET26000015;6/1/2026;;
EAT25000472;KEYENCE;CVX300F;HET26000027;8/1/2026;;
EAT25000471;SIEMENS;7ME69201AA101AA0;HET26000026;8/1/2026;;
EAT25000470;ASEM;SMC08543966;HET26000025;8/1/2026;;
EAT25000534;VOLKSWAGEN;FAMP-VW_HD5;HET26000024;8/1/2026;;
EAT26000038;UBIQUITI;UACC-OM-MM-10G-D;HET26000023;8/1/2026;;
EAT26000037;UBIQUITI;USW-AGGREGATION;HET26000022;8/1/2026;;
EAT26000036;UBIQUITI;USW-FLEX;HET26000021;8/1/2026;;
EAT26000035;UBIQUITI;U6-MESH;HET26000020;8/1/2026;;
EAT26000041;BAOFENG;UV-82;HET26000019;8/1/2026;;
EAT26000040;BAOFENG;BF-1909;HET26000018;8/1/2026;;
EAT26000043;T20;BAOFENG;HET26000017;8/1/2026;;
EAT26000048;JINGWEI_HIRAIN;MRR520P;HET26000016;8/1/2026;;
EAT25000274;HP;ELITE_SFF_G9_DESKTOP_PC;HET26000048;12/1/2026;;
EAT26000064;FIBRAMERICA;ONU_FAB-S461;HET26000047;12/1/2026;;
EAT26000063;FIBRAMERICA;ONU_FAB-H830AX;HET26000046;12/1/2026;;
EAT26000062;FIBRAMERICA;ONU_FAB-H827AX;HET26000045;12/1/2026;;
EAT26000051;HIKVISON;HK-SFP-125G-1310-DF-MM;HET26000044;12/1/2026;;
EAT26000052;RUIJIE_REYEE;RG-ES05G;HET26000043;12/1/2026;;
EAT26000053;RUIJIE_REYEE;RG-ES205GC-P;HET26000042;12/1/2026;;
EAT26000058;UBIQUITI;UACC-CM-RJ45-10G;HET26000041;12/1/2026;;
EAT26000057;UBIQUITI;UACC-CM-RJ45-1G;HET26000040;12/1/2026;;
EAT26000065;VW_AG;WCSKD11A;HET26000039;12/1/2026;;
EAT26000066;RUIJIE_REYEE;RG-ES05;HET26000038;12/1/2026;;
EAT26000068;RUIJIE_REYEE;RG-EST100-E;HET26000037;12/1/2026;;
EAT26000069;TECNO;KN3;HET26000036;12/1/2026;;
EAT26000078;RUIJIE_REYEE;RG-EST310V2;HET26000034;12/1/2026;;
EAT26000086;STARDOM-TM;FCN-500_MODULO_NFSB100-S50-SBT01;HET26000033;12/1/2026;;
EAT26000085;STARDOM-TM;FCN-500_MODULO_NFLR121-S50;HET26000032;12/1/2026;;
EAT26000083;STARDOM-TM;FCN-500_MODULO_NFSB100-S50-SBT02;HET26000031;12/1/2026;;
EAT26000084;STARDOM-TM;FCN-500_MODULO_NFLF111-S50;HET26000030;12/1/2026;;
EAT26000089;STARDOM_TM;FCN-500_MODULO_NFTB5S-00;HET26000029;12/1/2026;;
EAT26000090;RUIJIE_REYEE;RG-EST350V2;HET26000028;12/1/2026;;
EAT26000074;SAMSUNG;SM_X110;HET26000035;12/1/2026;;
EAT25000564;MINEBEA_ACCESSSOLUTIONS;TAGE-03CM;HET26000051;13/1/2026;;
EAT26000099;RUIJIE_REYEE;RG-EW300PRO;HET26000050;13/1/2026;;
EAT26000103;RUIJIE_REYEE;RG-EW1200;HET26000049;13/1/2026;;
EAT26000111;DRAGINO_TECHNOLOGY_CO_LTD;PSLB;HET26000062;14/1/2026;;
EAT26000107;GL_INET;COLLIE_GL-X300BRC4;HET26000061;14/1/2026;;
EAT26000108;TECNO;CN5C;HET26000060;14/1/2026;;
EAT26000112;RUIJIE_REYEE;RG-EW1200GPRO;HET26000059;14/1/2026;;
EAT26000114;HIKVISON;HK-SFP-10G-20-1270;HET26000058;14/1/2026;;
EAT26000115;CHECK_POINT_SOFTWARE_TECHNOLOGIES;SM-CP-7S10-1;HET26000057;14/1/2026;;
EAT26000121;HIKVISON;DS-TMG034;HET26000056;14/1/2026;;
EAT26000125;RUIJIE_REYEE;RG-EW1200R;HET26000054;14/1/2026;;
EAT26000127;BAOFENG;BF-17H;HET26000053;14/1/2026;;
EAT26000128;DELL;KB726T;HET26000052;14/1/2026;;
EAT26000123;DELL;MS326T;HET26000055;14/1/2026;;
EAT26000105;CISCO;CATALYST_9500;HET26000081;16/1/2026;;
EAT25000487;PACIFIC;PMV_E106;HET26000083;16/1/2026;;
EAT26000106;RS;IMC1F1T;HET26000082;16/1/2026;;
EAT26000105;CISCO;CATALYST_9500;HET26000081;16/1/2026;;
EAT26000104;NOKIA;G-040P-Q;HET26000080;16/1/2026;;
EAT25000648;SAIC;SV6734017;HET26000079;16/1/2026;;
EAT26000091;LATIC;HG102DWT;HET26000078;16/1/2026;;
EAT26000113;PROTRACK;VT08F;HET26000077;16/1/2026;;
EAT26000122;DELL;KB526T;HET26000076;16/1/2026;;
EAT26000126;DELL;MS726T;HET26000074;16/1/2026;;
EAT26000131;SAMSUNG;SM_X520;HET26000073;16/1/2026;;
EAT26000130;SAMSUNG;X400;HET26000072;16/1/2026;;
EAT26000129;SAMSUNG;X133;HET26000071;16/1/2026;;
EAT26000132;RUIJIE_REYEE;RG-EW1800GXPRO;HET26000070;16/1/2026;;
EAT26000133;HIKVISON;DS-52EX01HI-4K;HET26000069;16/1/2026;;
EAT26000144;NOKIA;ONT_G-0126G-A;HET26000068;16/1/2026;;
EAT26000134;MOTOROLA;MOTOTRBO_R5;HET26000067;16/1/2026;;
EAT26000136;RUIJIE_REYEE;RG-EW3000GX;HET26000066;16/1/2026;;
EAT26000141;RUIJIE_REYEE;RG-EW3000GXPRO;HET26000065;16/1/2026;;
EAT26000156;RUIJIE_REYEE;RG-NBR6205-E;HET26000064;16/1/2026;;
EAT26000162;RUIJIE_REYEE;RG-NBS3100-24GT4SFP-P-V2;HET26000063;16/1/2026;;
EAT26000124;HIKVISON;DS-TMG034;HET26000075;16/1/2026;;
EAT26000105;CISCO;CATALYST_9500;HET26000081;16/1/2026;;
EAT26000163;WOLCK_XPON_ONU_XGPON;WK_3801;HET26000087;19/1/2026;;
EAT26000164;WOLCK_XPON_ONU_XGPON;WK_3802AW;HET26000086;19/1/2026;;
EAT26000168;PANASONIC;AT2402;HET26000085;19/1/2026;;
EAT26000171;RUIJIE_REYEE;RG-NBS3100-24GT4SFP-V2;HET26000084;19/1/2026;;
EAT25000008;HUAWEI;EG8143A5;HET26000105;22/1/2026;;
EAT25000236;CHERY;703002784AA;HET26000104;22/1/2026;;
EAT26000192;FIBRAMERICA;FAB-HGT-16IN;HET26000103;22/1/2026;;
EAT26000193;FIBRAMERICA;FAB-OFC-J105M-HE-24;HET26000102;22/1/2026;;
EAT26000191;FIBRAMERICA;FAB-HGT-16IN-8;HET26000101;22/1/2026;;
EAT26000194;FIBRAMERICA;FAB-OFC-J105M-HE-48;HET26000100;22/1/2026;;
EAT26000172;RUIJIE_REYEE;RG-NBS3100-48GT4SFPP;HET26000099;22/1/2026;;
EAT26000178;JINGWEI_HIRAIN;SRR520;HET26000098;22/1/2026;;
EAT26000190;RUIJIE_REYEE;RG-NBS3200-24GT4XS;HET26000097;22/1/2026;;
EAT26000203;HUAWEI;MA5800-X17;HET26000096;22/1/2026;;
EAT26000205;ELATEC;TWN4_MULTI_TECH_2_M_LF_HF;HET26000094;22/1/2026;;
EAT26000206;SAMSUNG;VS80F28DMP_AA;HET26000093;22/1/2026;;
EAT26000207;RUIJIE_REYEE;RG-NBS3200-24GT4XS-P;HET26000092;22/1/2026;;
EAT26000212;50KW_AM_BROADCAST_TRANSMITTER;XAM-50A;HET26000091;22/1/2026;;
EAT26000214;RUIJIE_REYEE;RG-NBS3200-48GT4XS;HET26000090;22/1/2026;;
EAT26000220;RUIJIE_REYEE;RG-E6;HET26000089;22/1/2026;;
EAT26000232;FS;IMC1F1T;HET26000088;22/1/2026;;
EAT26000204;TOYOTA;TN0047A;HET26000095;22/1/2026;;
EAT26000208;C-LIGHT;CLSFPP10GBD2760D;HET26000128;27/1/2026;;
EAT26000209;C-LIGHT;CLSFPP10GBD5480D;HET26000127;27/1/2026;;
EAT25000563;SHIKUN;SKIWB822EU12;HET26000126;27/1/2026;;
EAT26000186;COMTECH;ADC6600T;HET26000125;27/1/2026;;
EAT26000187;COMTECH;ADC6600;HET26000124;27/1/2026;;
EAT26000263;ZTE;ZXA10_C600;HET26000123;27/1/2026;;
EAT26000228;JUNIPER_NETWORKS;SSR400;HET26000122;27/1/2026;;
EAT26000229;JUNIPER_NETWORKS;SSR440;HET26000121;27/1/2026;;
EAT26000231;JUNIPER_NETWORKS;SSR440-C;HET26000120;27/1/2026;;
EAT26000230;JUNIPER_NETWORKS;SSR400-C;HET26000119;27/1/2026;;
EAT26000235;RUIJIE;RG-NBS3300-16MG4XS-HP;HET26000118;27/1/2026;;
EAT26000242;RUIJIE_REYEE;RG-NBS5200-24GT4XS-P;HET26000117;27/1/2026;;
EAT26000244;BT-PON;BT-G713AX;HET26000116;27/1/2026;;
EAT26000246;BMW;IDCEVO-EES25-V;HET26000114;27/1/2026;;
EAT26000247;RUIJIE_REYEE;RG-NBS5200-24SFP-8GT4XS;HET26000113;27/1/2026;;
EAT26000249;RUIJIE_REYEE;RG-NBS5300-8MG2XS-UP;HET26000112;27/1/2026;;
EAT26000256;RUIJIE_REYEE;RG-RAP52-OD;HET26000111;27/1/2026;;
EAT26000259;BAOFENG;UV-9R_PLUS;HET26000110;27/1/2026;;
EAT26000258;BAOFENG;C2;HET26000109;27/1/2026;;
EAT26000260;BAOFENG;V1D;HET26000108;27/1/2026;;
EAT26000261;RUIJIE_REYEE;RG-RAP72PRO;HET26000107;27/1/2026;;
EAT26000265;HARMAN;FPDM_WL_MCA;HET26000106;27/1/2026;;
EAT26000245;HARMAN;TAS700_BR_C-PLAT_2025_PACKAGE;HET26000115;27/1/2026;;
EAT26000228;JUNIPER_NETWORKS;SSR400;HET26000122;27/1/2026;;
EAT26000229;JUNIPER_NETWORKS;SSR440;HET26000121;27/1/2026;;
EAT26000231;JUNIPER_NETWORKS;SSR440-C;HET26000120;27/1/2026;;
EAT26000230;JUNIPER_NETWORKS;SSR400-C;HET26000119;27/1/2026;;
EAT26000263;ZTE;ZXA10_C600;HET26000123;27/1/2026;;
EAT26000281;HUAHONG;TQJ-GB-25-430V-1;HET26000147;28/1/2026;;
EAT26000280;ETMY;ET-M80D;HET26000146;28/1/2026;;
EAT26000282;HUAHONG;TQJ-GB-25-155V-1;HET26000145;28/1/2026;;
EAT25000419;KENWOOD;DMX7509XS;HET26000144;28/1/2026;;
EAT25000420;KENWOOD;DMX7525S;HET26000143;28/1/2026;;
EAT26000270;KENWOOD;DMXHC112;HET26000142;28/1/2026;;
EAT26000271;YOKOGAWA;YFGW520;HET26000141;28/1/2026;;
EAT26000272;YOKOGAWA;YFGW410;HET26000140;28/1/2026;;
EAT26000273;RUIJIE_REYEE;RG-RAP73HD;HET26000139;28/1/2026;;
EAT26000277;ERICSSON;UKL40238B11H;HET26000138;28/1/2026;;
EAT26000276;ERICSSON;UKL40238B11L;HET26000137;28/1/2026;;
EAT26000275;ERICSSON;KRC118732;HET26000136;28/1/2026;;
EAT26000288;WAVE_CO;WAVE_NEXT_3000;HET26000134;28/1/2026;;
EAT26000292;SCANRECO;CU_G6_CAN;HET26000133;28/1/2026;;
EAT26000290;SCANRECO;PCU_G6_MICRO;HET26000132;28/1/2026;;
EAT26000291;SCANRECO;PCU_G6_MINI;HET26000131;28/1/2026;;
EAT26000293;RUIJIE_REYEE;RG-RAP1200F;HET26000130;28/1/2026;;
EAT26000296;RUIJIE_REYEE;RG-RAP1200P;HET26000129;28/1/2026;;
EAT26000278;RUIJIE;RG-RAP73PRO;HET26000135;28/1/2026;;
EAT26000150;WITHLED;L810X12Y_L811X12Y_L813X12Y_L810X24Y_L811X24Y_L813X24Y_L810X48Y_L811X48Y_L813X48Y_L810X110Y_L811X110;HET26000170;3/2/2026;;
EAT26000151;CLAITEC;T-10R;HET26000169;3/2/2026;;
EAT26000149;CLAITEC;AC-50;HET26000168;3/2/2026;;
EAT26000308;C-LIGHT;CL100GQSFPCW4-02;HET26000167;3/2/2026;;
EAT26000307;C-LIGHT;CL100GQSFPZR4;HET26000166;3/2/2026;;
EAT26000306;C-LIGHT;CL400GQDDFR4;HET26000165;3/2/2026;;
EAT26000309;C-LIGHT;CLQSFP40GLR420;HET26000164;3/2/2026;;
EAT26000294;TECNO;CN7C;HET26000163;3/2/2026;;
EAT26000295;TECNO;LK7K;HET26000162;3/2/2026;;
EAT26000302;YAMAHA;F7M-U820J;HET26000161;3/2/2026;;
EAT26000303;VISTEON;VW_REGIO_FLOAT;HET26000160;3/2/2026;;
EAT26000304;XIAOMI;POCO_X7;HET26000159;3/2/2026;;
EAT26000311;RUIJIE_REYEE;RG-RAP1260;HET26000158;3/2/2026;;
EAT26000312;C-LIGHT;CLQSFP40GER460;HET26000157;3/2/2026;;
EAT26000318;RUIJIE_REYEE;RG-RAP2200E;HET26000156;3/2/2026;;
EAT26000330;RUIJIE_REYEE;RG-RAP2200F;HET26000154;3/2/2026;;
EAT26000333;RUIJIE_REYEE;RG-RAP6260HD;HET26000153;3/2/2026;;
EAT26000334;HELLA;FS09;HET26000152;3/2/2026;;
EAT26000336;RUIJIE;XG-SFP-SR-MM850;HET26000151;3/2/2026;;
EAT26000337;HONDA;TFHOBINN0F7;HET26000150;3/2/2026;;
EAT26000350;WAVE_CO;WAVE_NEXT_2000;HET26000149;3/2/2026;;
EAT26000349;WAVECO;WAVE_NEXT_1000;HET26000148;3/2/2026;;
EAT26000325;SAMSUNG;VG-TM2280;HET26000155;3/2/2026;;
EAT25000341;NOKIA;IXR_S;HET26000191;5/2/2026;;
EAT26000009;MIKROTIK;CCR2116-12G-4S;HET26000190;5/2/2026;;
EAT26000010;MIKROTIK;CRS309-1G-8S;HET26000189;5/2/2026;;
EAT26000274;QUECLINK;GV310LAU;HET26000188;5/2/2026;;
EAT26000339;IRIDIUM;9555;HET26000187;5/2/2026;;
EAT26000357;ERICSSON;UKL40238B14L;HET26000186;5/2/2026;;
EAT26000355;ERICSSON;UKL40238B14H;HET26000185;5/2/2026;;
EAT26000358;ERICSSON;UKL40242A01L;HET26000184;5/2/2026;;
EAT26000356;ERICSSON;UKL40242A01H;HET26000183;5/2/2026;;
EAT26000360;NEWPOS;NEW9830;HET26000182;5/2/2026;;
EAT26000352;NEWPOS;NEW9810;HET26000181;5/2/2026;;
EAT26000359;NEWPOS;NEW9800;HET26000180;5/2/2026;;
EAT26000363;NEWPOS;NEW7220;HET26000179;5/2/2026;;
EAT26000364;NEWPOS;NEW6260;HET26000178;5/2/2026;;
EAT26000376;LIFEPHONE;LIFEPHONE_LED_32;HET26000177;5/2/2026;;
EAT26000378;LIFEPHONE;LIFEPHONE_LED_50_PULGADAS;HET26000176;5/2/2026;;
EAT26000379;CONTINENTAL;TP__4;HET26000174;5/2/2026;;
EAT26000380;CONTINENTAL;41580430;HET26000173;5/2/2026;;
EAT26000381;KALMAR;CE-IMX8-01;HET26000172;5/2/2026;;
EAT26000382;APTIV;SRR6PT;HET26000171;5/2/2026;;
EAT26000377;LIFEPHONE;LIFEPHONE_LED_43_PULGADAS;HET26000175;5/2/2026;;
EAT26000009;MIKROTIK;CCR2116-12G-4S;HET26000190;5/2/2026;;
EAT26000010;MIKROTIK;CRS309-1G-8S;HET26000189;5/2/2026;;
EAT26000407;CISCO;C9500-16X;HET26000203;9/2/2026;;
EAT26000410;CISCO;N9K-C93180YC;HET26000202;9/2/2026;;
EAT26000385;HONOR;LNA-LX3;HET26000214;9/2/2026;;
EAT26000395;SAMSUNG;SM-X820;HET26000213;9/2/2026;;
EAT26000394;SAMSUNG;SM-X730;HET26000212;9/2/2026;;
EAT26000399;HONDA;TWB1G0090;HET26000211;9/2/2026;;
EAT26000398;CANON;DS586237;HET26000210;9/2/2026;;
EAT26000397;SUMITOMO_ELECTRIC;HAR0004;HET26000209;9/2/2026;;
EAT26000401;BOSCH;GST734008;HET26000208;9/2/2026;;
EAT26000404;META_VERSO;META_VERSO_SONIC_SPEAKER;HET26000207;9/2/2026;;
EAT26000403;META_VERSO;META_VERSO_BIT_SPEAKER;HET26000206;9/2/2026;;
EAT26000402;META_VERSO;META_VERSO_NODE_SPEAKER;HET26000205;9/2/2026;;
EAT26000405;META_VERSO;META_VERSO_LUMBEAT_SPEAKER;HET26000204;9/2/2026;;
EAT26000407;CISCO;C9500-16X;HET26000203;9/2/2026;;
EAT26000410;CISCO;N9K-C93180YC;HET26000202;9/2/2026;;
EAT26000418;TECNO;KN4;HET26000201;9/2/2026;;
EAT26000430;GEHC;CARESTATION_850;HET26000200;9/2/2026;;
EAT26000429;SUMITOMO_ELECTRIC;HAR0001;HET26000199;9/2/2026;;
EAT26000435;SAMSUNG;VG-TM2660;HET26000198;9/2/2026;;
EAT26000436;SAMSUNG;WCH732M;HET26000197;9/2/2026;;
EAT26000437;SAMSUNG;WCH731R;HET26000196;9/2/2026;;
EAT26000439;SAMSUNG;WCH941M;HET26000194;9/2/2026;;
EAT26000440;SAMSUNG;WCF933M;HET26000193;9/2/2026;;
EAT26000441;SAMSUNG;WCF934M;HET26000192;9/2/2026;;
EAT26000438;SAMSUNG;WCHB41M;HET26000195;9/2/2026;;
EAT26000407;CISCO;C9500-16X;HET26000203;9/2/2026;;
EAT26000410;CISCO;N9K-C93180YC;HET26000202;9/2/2026;;
EAT26000262;COMTECH;ADC-1000;HET26000219;10/2/2026;;
EAT26000442;SAMSUNG;MDRHI304;HET26000218;10/2/2026;;
EAT26000448;DELL;KB526C;HET26000217;10/2/2026;;
EAT26000449;DELL;MS326C;HET26000216;10/2/2026;;
EAT26000454;HYUNDAI_MOBIS;MAR326A;HET26000215;10/2/2026;;
EAT26000362;CERAGON;IP-50C;HET26000221;12/2/2026;;
EAT26000368;IRIDIUM;IRIDIUM_9555;HET26000220;12/2/2026;;
EAT26000465;JUNIPER_NETWORKS;EX4400-48MP;HET26000224;13/2/2026;;
EAT26000470;DELL;POWEREDGE_R750;HET26000223;13/2/2026;;
EAT26000484;SENSATA;AG5PF4;HET26000222;13/2/2026;;
EAT26000465;JUNIPER_NETWORKS;EX4400-48MP;HET26000224;13/2/2026;;
EAT26000050;CELLOCATOR;CR400;HET26000225;19/2/2026;;
EAT26000522;CISCO;C9407;HET26000235;20/2/2026;;
EAT26000521;CISCO;ASR_1001-HX;HET26000234;20/2/2026;;
EAT26000520;CISCO;C3850;HET26000233;20/2/2026;;
EAT26000447;TERRASAT;IBUC_2;HET26000251;20/2/2026;;
EAT26000338;HIKVISON;DS-TMG035_ANTI-FALL_RADAR;HET26000250;20/2/2026;;
EAT26000340;HIKVISON;DS-TMG035_TRIGGER_RADAR;HET26000249;20/2/2026;;
EAT26000413;SUNMI;T6F10_P3;HET26000248;20/2/2026;;
EAT26000412;SUNMI;T6810_P2_LITE__SE;HET26000247;20/2/2026;;
EAT26000411;SUNMI;T6721__P3_MIX;HET26000246;20/2/2026;;
EAT26000459;ERICSSON;UKL40163A05HP;HET26000245;20/2/2026;;
EAT26000458;ERICSSON;UKL40163A01HP;HET26000244;20/2/2026;;
EAT26000457;ERICSSON;UKL40242A03L;HET26000243;20/2/2026;;
EAT26000456;ERICSSON;UKL40242A03H;HET26000242;20/2/2026;;
EAT26000473;SAMSUNG;SM-X920;HET26000241;20/2/2026;;
EAT26000472;SAMSUNG;SM-X930;HET26000240;20/2/2026;;
EAT26000471;SAMSUNG;SM-X620;HET26000239;20/2/2026;;
EAT26000518;INTELBRAS;PLENO;HET26000238;20/2/2026;;
EAT26000483;DIGI;U120-X;HET26000237;20/2/2026;;
EAT26000486;EXFO;FBT_LITE_735D;HET26000236;20/2/2026;;
EAT26000521;CISCO;ASR_1001-HX;HET26000234;20/2/2026;;
EAT26000520;CISCO;C3850;HET26000233;20/2/2026;;
EAT26000530;REDMI;25080RABDG;HET26000232;20/2/2026;;
EAT26000529;REDMI;25100RA69G;HET26000231;20/2/2026;;
EAT26000541;ERICSSON;UKL40244A13L;HET26000230;20/2/2026;;
EAT26000540;ERICSSON;UKL40244A13H;HET26000229;20/2/2026;;
EAT26000539;ERICSSON;UKL40238A31L;HET26000228;20/2/2026;;
EAT26000538;ERICSSON;UKL40238A31H;HET26000227;20/2/2026;;
EAT26000547;OPTICTIMES;ZX1101T;HET26000226;20/2/2026;;
EAT26000522;CISCO;C9407;HET26000235;20/2/2026;;
EAT26000522;CISCO;C9407;HET26000235;20/2/2026;;
EAT26000521;CISCO;ASR_1001-HX;HET26000234;20/2/2026;;
EAT26000520;CISCO;C3850;HET26000233;20/2/2026;;
EAT26000478;DAHUA;DHI-LD-AI-W;HET26000278;25/2/2026;;
EAT26000477;DAHUA;DH-NC300;HET26000277;25/2/2026;;
EAT26000480;DAHUA;DH-SG1050;HET26000276;25/2/2026;;
EAT26000507;DAHUA;DHI-KTW02;HET26000274;25/2/2026;;
EAT26000506;DAHUA;DHI-VTO2311R-WP;HET26000273;25/2/2026;;
EAT26000511;DAHUA;DH-SF1008L;HET26000272;25/2/2026;;
EAT26000510;DAHUA;DH-PFS3008-8GT-L;HET26000271;25/2/2026;;
EAT26000509;DAHUA;DH-PFS3005-5GT-L;HET26000270;25/2/2026;;
EAT26000512;DAHUA;DH-S3024-24GT;HET26000269;25/2/2026;;
EAT26000550;HOOOSI;D1000-1U;HET26000268;25/2/2026;;
EAT26000548;OPTICTIMES;ZX8102W;HET26000267;25/2/2026;;
EAT26000549;UBIQUITI;UXG-ENTERPRISE;HET26000266;25/2/2026;;
EAT26000569;INTELBRAS;HG_6145D;HET26000265;25/2/2026;;
EAT26000568;INTELBRAS;ONU_R1;HET26000264;25/2/2026;;
EAT26000560;REDMI;2510DRA23L;HET26000263;25/2/2026;;
EAT26000565;HUAWEI;NETENGINE_8000_M8;HET26000262;25/2/2026;;
EAT26000566;HUAWEI;S6780-H4Z;HET26000261;25/2/2026;;
EAT26000563;DAHUA;DH-PFS3009-8ET-65;HET26000260;25/2/2026;;
EAT26000564;DAHUA;DH-S3016-16GT;HET26000259;25/2/2026;;
EAT26000573;INTELBRAS;RF_301K;HET26000258;25/2/2026;;
EAT26000572;INTELBRAS;WIFIBER_121_AC;HET26000257;25/2/2026;;
EAT26000571;INTELBRAS;GF_1200;HET26000256;25/2/2026;;
EAT26000582;MEDTRONIC;CT900G;HET26000254;25/2/2026;;
EAT26000583;PATEO;CONNECT-C_AV;HET26000253;25/2/2026;;
EAT26000591;MEDTRONIC;MC2VR01;HET26000252;25/2/2026;;
EAT26000479;DAHUA;DH-CS4226-24ET-240;HET26000275;25/2/2026;;
EAT26000570;INTELBRAS;W5-1200F;HET26000255;25/2/2026;;
EAT26000620;CISCO;C9120AXE-A;HET26000303;3/3/2026;;
EAT26000619;CISCO;C9300L-24P-4X;HET26000302;3/3/2026;;
EAT25000545;ECOFLOW;EF-DL3-A;HET26000317;3/3/2026;;
EAT25000355;ECOFLOW;EFD350;HET26000316;3/3/2026;;
EAT25000547;ECOFLOW;EF-DL3-MA;HET26000314;3/3/2026;;
EAT25000548;ECOFLOW;EF-DU-001;HET26000313;3/3/2026;;
EAT26000590;HOCO;E86;HET26000312;3/3/2026;;
EAT26000589;HOCO;E19;HET26000311;3/3/2026;;
EAT26000588;HOCO;CQ3;HET26000310;3/3/2026;;
EAT26000431;IMOU;HX21;HET26000309;3/3/2026;;
EAT26000601;ERICSSON;UKL40238A33H;HET26000308;3/3/2026;;
EAT26000600;ERICSSON;UKL40245A01L;HET26000307;3/3/2026;;
EAT26000599;ERICSSON;UKL40245A01H;HET26000306;3/3/2026;;
EAT26000598;ERICSSON;UKL40168A15HP;HET26000305;3/3/2026;;
EAT26000621;UTIMACO;CRYPTOSEC_DEKATON_NC1U;HET26000304;3/3/2026;;
EAT26000620;CISCO;C9120AXE-A;HET26000303;3/3/2026;;
EAT26000619;CISCO;C9300L-24P-4X;HET26000302;3/3/2026;;
EAT26000608;ZEBRA;ET4010A;HET26000301;3/3/2026;;
EAT26000616;HOCO;E93A;HET26000300;3/3/2026;;
EAT26000615;HOCO;E91J;HET26000299;3/3/2026;;
EAT26000614;HOCO;E91E;HET26000298;3/3/2026;;
EAT26000613;HOCO;E91C;HET26000297;3/3/2026;;
EAT26000618;ZEBRA;ET4010B;HET26000296;3/3/2026;;
EAT26000625;GAREN;TX_PLAY_AZUL;HET26000294;3/3/2026;;
EAT26000627;AUDIO_TECHNICA;AT2040USB;HET26000293;3/3/2026;;
EAT26000631;GEHC;SERENITY_T;HET26000292;3/3/2026;;
EAT26000640;CUBITT;CT-SCALE8;HET26000291;3/3/2026;;
EAT26000639;CUBITT;CT-SCALE7;HET26000290;3/3/2026;;
EAT26000638;CUBITT;CT-SCALE;HET26000289;3/3/2026;;
EAT26000637;CUBITT;CT-TERRA58;HET26000288;3/3/2026;;
EAT26000641;GEHC;SERENITY_S;HET26000287;3/3/2026;;
EAT26000642;HUAWEI;NETENGINE_8000_M14;HET26000286;3/3/2026;;
EAT26000643;HUAWEI;S6750-H48Y8C;HET26000285;3/3/2026;;
EAT26000651;ST_ENGINEERING_IDIRECT_NEWTEC;MCX7000;HET26000284;3/3/2026;;
EAT26000650;ST_ENGINEERING_IDIRECT_NEWTEC;MDM6100;HET26000283;3/3/2026;;
EAT26000652;VSOL;V2804AX30T-H;HET26000282;3/3/2026;;
EAT26000653;IFM;AL1420;HET26000281;3/3/2026;;
EAT26000663;ZEBRA;TCX010;HET26000280;3/3/2026;;
EAT26000665;ZEBRA;TC2205;HET26000279;3/3/2026;;
EAT25000546;ECOFLOW;EF-DL3-A-U;HET26000315;3/3/2026;;
EAT26000624;GAREN;TX_ST_SMD;HET26000295;3/3/2026;;
EAT26000620;CISCO;C9120AXE-A;HET26000303;3/3/2026;;
EAT26000619;CISCO;C9300L-24P-4X;HET26000302;3/3/2026;;
EAT26000652;VSOL;V2804AX30T-H;HET26000282;3/3/2026;;
EAT26000668;HOCO;EA9;HET26000338;4/3/2026;;
EAT26000667;HOCO;E97A;HET26000337;4/3/2026;;
EAT26000666;HOCO;E88;HET26000336;4/3/2026;;
EAT26000657;GAMA;GM73106;HET26000334;4/3/2026;;
EAT26000656;GAMA;GM73105;HET26000333;4/3/2026;;
EAT26000655;GAMA;GM73102;HET26000332;4/3/2026;;
EAT26000654;GAMA;GM73101;HET26000331;4/3/2026;;
EAT26000677;CUBITT;CT-PWMINI8;HET26000330;4/3/2026;;
EAT26000676;CUBITT;CT-PWMINI1;HET26000329;4/3/2026;;
EAT26000679;CUBITT;CTK-7;HET26000328;4/3/2026;;
EAT26000678;CUBITT;CTK-1;HET26000327;4/3/2026;;
EAT26000681;HOCO;J165;HET26000326;4/3/2026;;
EAT26000680;HOCO;J160B;HET26000325;4/3/2026;;
EAT26000683;HOCO;J165B;HET26000324;4/3/2026;;
EAT26000682;HOCO;J165A;HET26000323;4/3/2026;;
EAT26000688;HOCO;K32;HET26000322;4/3/2026;;
EAT26000691;HOCO;Y25;HET26000321;4/3/2026;;
EAT26000690;HOCO;W65_PLUS;HET26000320;4/3/2026;;
EAT26000689;HOCO;W35;HET26000319;4/3/2026;;
EAT26000694;YOLOLIV;YOLOBOX_EXTREME;HET26000318;4/3/2026;;
EAT26000610;HOCO;DT7;HET26000335;4/3/2026;;
EAT26000673;HOCO;HI12;HET26000342;11/3/2026;;
EAT26000672;HOCO;ES75;HET26000341;11/3/2026;;
EAT26000612;HOCO;EQ27;HET26000340;11/3/2026;;
EAT26000674;HOCO;HW33;HET26000339;11/3/2026;;
EAT26000596;OPTICTIMES;ZX8102WT;HET26000346;20/3/2026;;
EAT26000602;OPTICTIMES;ZX8202DW;HET26000345;20/3/2026;;
EAT26000606;OPTICTIMES;ZX8202DWT;HET26000344;20/3/2026;;
EAT26000607;OPTICTIMES;ZX8414DWTL;HET26000343;20/3/2026;;
EAT26000543;INFINIX;X6879;HET26000356;10/4/2026;;
EAT26000544;INFINIX;X6840;HET26000354;10/4/2026;;
EAT26000542;INFINIX;X6878;HET26000353;10/4/2026;;
EAT26000649;OPTICTIMES;ZX1101L;HET26000352;10/4/2026;;
EAT26000686;CUBITT;CT-AURAP2-2;HET26000351;10/4/2026;;
EAT26000685;CUBITT;CT-AURAP2-1;HET26000350;10/4/2026;;
EAT26000684;CUBITT;CT-AURA2-9;HET26000349;10/4/2026;;
EAT26000687;CUBITT;CT-AURAP2-5;HET26000348;10/4/2026;;
EAT26000704;AOL_BROADCAST_305_BROADCAST;AOL_R50A;HET26000347;10/4/2026;;
EAT26000545;INFINIX;X6891;HET26000355;10/4/2026;;
EAT26000701;CUBITT;CT-TERRA1;HET26000371;13/4/2026;;
EAT26000702;CUBITT;CT-TERRA3;HET26000370;13/4/2026;;
EAT26000700;CUBITT;CT-AURAP2-9;HET26000369;13/4/2026;;
EAT26000699;CUBITT;CT-AURAP2-8;HET26000368;13/4/2026;;
EAT26000706;EDGECORE;EAP102;HET26000367;13/4/2026;;
EAT26000710;CUBITT;CT-VIVA2-1;HET26000366;13/4/2026;;
EAT26000711;CUBITT;CT-VIVA2-2;HET26000365;13/4/2026;;
EAT26000708;CUBITT;CT-TERRA7;HET26000364;13/4/2026;;
EAT26000709;CUBITT;CT-TERRA9;HET26000363;13/4/2026;;
EAT26000712;BAOFENG;UV-K61;HET26000362;13/4/2026;;
EAT26000741;HOCO;Y106;HET26000361;13/4/2026;;
EAT26000740;HOCO;Y100;HET26000360;13/4/2026;;
EAT26000739;HOCO;Y37;HET26000359;13/4/2026;;
EAT26000738;HOCO;L22;HET26000358;13/4/2026;;
EAT26000814;PHOENIX_CONTACT_GMBH_CO_KG;2316365;HET26000357;13/4/2026;;
EAT25000137;UODEGA;PAD6PRO;HET26000401;17/4/2026;;
EAT26000713;IDIRECT;IQ_DESKTOP_PLUS;HET26000400;17/4/2026;;
EAT26000716;FORTINET;FORTISWITCH_124G;HET26000399;17/4/2026;;
EAT26000717;FORTINET;FORTISWITCH_148F;HET26000398;17/4/2026;;
EAT26000715;FORTINET;FAP_831F;HET26000397;17/4/2026;;
EAT26000714;FORTINET;FAP_23JF;HET26000396;17/4/2026;;
EAT26000722;CUBITT;CT-VIVAP2-1;HET26000394;17/4/2026;;
EAT26000721;CUBITT;CT-VIVA2-8;HET26000393;17/4/2026;;
EAT26000719;CUBITT;CT-VIVA2-4;HET26000392;17/4/2026;;
EAT26000720;CUBITT;CT-VIVA2-5;HET26000391;17/4/2026;;
EAT26000725;MOLEX;WCH-PF31D;HET26000390;17/4/2026;;
EAT26000728;NOKIA;105_4G;HET26000389;17/4/2026;;
EAT26000727;XIAOMI_REDMI;13C;HET26000388;17/4/2026;;
EAT26000726;XIAOMI_REDMI;10A;HET26000387;17/4/2026;;
EAT26000729;MOLEX;WCH-PF31S;HET26000386;17/4/2026;;
EAT26000731;AIWA;AWPOK68;HET26000385;17/4/2026;;
EAT26000757;ERICSSON;UKL40162A17HP;HET26000384;17/4/2026;;
EAT26000756;ERICSSON;UKL4016211HP;HET26000383;17/4/2026;;
EAT26000755;ERICSSON;UKL40238A33L;HET26000382;17/4/2026;;
EAT26000758;ERICSSON;UKL40167A02HP;HET26000381;17/4/2026;;
EAT26000743;LG;LGSWNAX61;HET26000380;17/4/2026;;
EAT26000744;LG;LGSWNAC62;HET26000379;17/4/2026;;
EAT26000745;LG;LGSWAAC63;HET26000378;17/4/2026;;
EAT26000759;ERICSSON;UKL40167A05HP;HET26000377;17/4/2026;;
EAT26000762;ERICSSON;UKL40170A18HP;HET26000376;17/4/2026;;
EAT26000761;ERICSSON;UKL40170A14HP;HET26000374;17/4/2026;;
EAT26000765;ERICSSON;UKL40167__A01HP;HET26000373;17/4/2026;;
EAT26000768;ZEBRA;ET401EA;HET26000372;17/4/2026;;
EAT26000718;NS;SM-0010;HET26000395;17/4/2026;;
EAT26000760;ERICSSON;UKL40168A11HP;HET26000375;17/4/2026;;
EAT26000782;DIGITAL_MONITORING_PRODUCTS;710INT;HET26000464;23/4/2026;;
EAT26000793;PACIFIC_INDUSTRIAL_CO_LTD;PMV-E106;HET26000463;23/4/2026;;
EAT26000808;TOPPOWER;T13JCLOUDRIVE;HET26000462;23/4/2026;;
EAT26000809;LENOVO;MOBTQ2O;HET26000461;23/4/2026;;
EAT26000812;OPTICTIMES;ZK9004WT;HET26000460;23/4/2026;;
EAT26000813;DELL;KB746D;HET26000459;23/4/2026;;
EAT26000820;DELL;MS746D;HET26000458;23/4/2026;;
EAT26000821;COMPAL;RMM-G4;HET26000457;23/4/2026;;
EAT26000822;BYD;K3CI;HET26000456;23/4/2026;;
EAT26000824;ZF;MRGEN21;HET26000454;23/4/2026;;
EAT26000826;CUBITT;CT-TERRA3;HET26000453;23/4/2026;;
EAT26000825;CUBITT;CT-TERRA1;HET26000452;23/4/2026;;
EAT26000828;CUBITT;CT-TERRA58;HET26000451;23/4/2026;;
EAT26000827;CUBITT;CT-TERRA9;HET26000450;23/4/2026;;
EAT26000829;TP-LINK;XC220-G3;HET26000449;23/4/2026;;
EAT26000831;VIT;CN9200-48X6C;HET26000448;23/4/2026;;
EAT26000832;VIT;CN9408H;HET26000447;23/4/2026;;
EAT26000833;VIT;HF5000G5;HET26000446;23/4/2026;;
EAT26000834;VIT;S6220E;HET26000445;23/4/2026;;
EAT26000843;IDNEO;EBOX_4G_LA_F;HET26000444;23/4/2026;;
EAT26000845;MINDA_INSTURMENTS_LIMITED;ICPK;HET26000443;23/4/2026;;
EAT26000846;VSOL;V5600X2;HET26000442;23/4/2026;;
EAT26000847;ERICSSON;UKL40167A02;HET26000441;23/4/2026;;
EAT26000850;ERICSSON;UKL40167__A05;HET26000440;23/4/2026;;
EAT26000848;ERICSSON;UKL40167A03;HET26000439;23/4/2026;;
EAT26000849;ERICSSON;UKL40167A03HP;HET26000438;23/4/2026;;
EAT26000857;TP-LINK;EC220-G5;HET26000437;23/4/2026;;
EAT26000861;INOVONICS_INC;NOVIA_236;HET26000436;23/4/2026;;
EAT26000862;EXPRESS_LUCK;ELMT7663BUN-WFT;HET26000434;23/4/2026;;
EAT26000864;HPE;SERVIDOR_HPE_PROLIANT_DL360_GEN10;HET26000433;23/4/2026;;
EAT26000877;UNO_MINDA_LIMITED;861C0-YY250;HET26000432;23/4/2026;;
EAT26000880;ERICSSON;UKL40168__A12HP;HET26000431;23/4/2026;;
EAT26000878;ERICSSON;BFL5101122;HET26000430;23/4/2026;;
EAT26000879;ERICSSON;UKL40162A13HP;HET26000429;23/4/2026;;
EAT26000881;ERICSSON;UKL40162A13;HET26000428;23/4/2026;;
EAT26000918;TOA_CORPORATION;WM5225;HET26000427;23/4/2026;;
EAT26000886;CUDY;MC100GSB-10B;HET26000426;23/4/2026;;
EAT26000891;JOYNEXT;AUM-2;HET26000425;23/4/2026;;
EAT26000893;JOYNEXT;AUM-3;HET26000424;23/4/2026;;
EAT26000894;JOYNEXT;MAR-L0;HET26000423;23/4/2026;;
EAT26000897;TP-LINK;EX220;HET26000422;23/4/2026;;
EAT26000898;TP-LINK;XZ000-G7;HET26000421;23/4/2026;;
EAT26000906;DSC;F7600;HET26000420;23/4/2026;;
EAT26000920;SAMSUNG;SM-A376B;HET26000419;23/4/2026;;
EAT26000922;SAMSUNG;SM-S942B;HET26000418;23/4/2026;;
EAT26000921;SAMSUNG;SM-A576B;HET26000417;23/4/2026;;
EAT26000932;FORVIA;P2501;HET26000416;23/4/2026;;
EAT26000935;FINDREAMS_TECHNOLOGY;RB1C;HET26000414;23/4/2026;;
EAT26000936;PACIFIC;PMV-H101;HET26000413;23/4/2026;;
EAT26000939;GARMIN;PCI3L3R1;HET26000412;23/4/2026;;
EAT26000940;FANVIL;CS40;HET26000411;23/4/2026;;
EAT26000943;CHERY;X9H_BASE;HET26000410;23/4/2026;;
EAT26000944;DELL;DWRFID2503;HET26000409;23/4/2026;;
EAT26000952;FANVIL;X5U;HET26000408;23/4/2026;;
EAT26000948;INFINIX;GT30_PRO_5G;HET26000407;23/4/2026;;
EAT26000949;HISENSE;SFP-OLT-I-10G-DUXGS-N1__LTF7228A;HET26000406;23/4/2026;;
EAT26000957;SAMSUNG;SM-S947B;HET26000405;23/4/2026;;
EAT26000958;DELL;DWRFID2501;HET26000404;23/4/2026;;
EAT26000988;FANVIL;V50P;HET26000403;23/4/2026;;
EAT26001141;IOTAPK;BLK-L09;HET26000402;23/4/2026;;
EAT26000823;BYD;K3CD;HET26000455;23/4/2026;;
EAT26000860;INOVONICS_INC;NOVIA_272;HET26000435;23/4/2026;;
EAT26000934;GLOBALSTAR;SMARTONEC;HET26000415;23/4/2026;;
EAT26000949;HISENSE;SFP-OLT-I-10G-DUXGS-N1__LTF7228A;HET26000406;23/4/2026;;
EAT26000846;VSOL;V5600X2;HET26000442;23/4/2026;;
EAT26001012;HONDA;TWB1G0655;HET26000465;25/4/2026;;
EAT26000967;DAHUA;DH-CS4228-24GT;HET26000486;28/4/2026;;
EAT26000965;DAHUA;DH-CS4218-16ET-135;HET26000485;28/4/2026;;
EAT26000964;DAHUA;DH-CS4010-8GT-110;HET26000484;28/4/2026;;
EAT26000966;DAHUA;DH-CS4220-16GT-190;HET26000483;28/4/2026;;
EAT26000971;DAHUA;DH-EAP6230-O;HET26000482;28/4/2026;;
EAT26000970;DAHUA;DH-EAP6230-C;HET26000481;28/4/2026;;
EAT26000968;DAHUA;DH-EAP5212-C;HET26000480;28/4/2026;;
EAT26000969;DAHUA;DH-EAP6218-C;HET26000479;28/4/2026;;
EAT26001018;MOTOROLA_MOBILITY_LLC;XT2623-1;HET26000478;28/4/2026;;
EAT26001016;MOTOROLA_MOBILITY_LLC;XT2621-3;HET26000477;28/4/2026;;
EAT26001023;POLAR_ELECTRO_OY;POLAR_VERIFY_SENSE;HET26000476;28/4/2026;;
EAT26001021;POLAR_ELECTRO_OY;POLAR_LOOP;HET26000474;28/4/2026;;
EAT26001020;POLAR_ELECTRO_OY;H10_HEART_RATE_SENSOR;HET26000473;28/4/2026;;
EAT26001042;INTELBRAS;ITC_5100;HET26000472;28/4/2026;;
EAT26001043;ERM_ELECTRONIC_SYSTEMS_LTD;STARLINK_TRACKER_4G_CAT1_SF_IRF;HET26000471;28/4/2026;;
EAT26001045;BT-PON;BT-G113;HET26000470;28/4/2026;;
EAT26001044;BT-PON;BT-778XR;HET26000469;28/4/2026;;
EAT26001046;FOX;TRANSFER_NEO_E-OPTIMIZED_820-09-167;HET26000468;28/4/2026;;
EAT26001059;WHETRON;1D005272S300073100S1;HET26000467;28/4/2026;;
EAT26001131;ZTE;ZXHN_F6600R-LC;HET26000466;28/4/2026;;
EAT26001022;POLAR_ELECTRO_OY;POLAR_STREET_X;HET26000475;28/4/2026;;
EAT26001131;ZTE;ZXHN_F6600R-LC;HET26000466;28/4/2026;;
EAT26000974;DAHUA;DHI-ARM310-W2;HET26000497;29/4/2026;;
EAT26000975;DAHUA;DHI-ARM320-W2;HET26000496;29/4/2026;;
EAT26000972;DAHUA;DH-EAP6230-W;HET26000494;29/4/2026;;
EAT26000979;DAHUA;DHI-VTH2621GW-P;HET26000493;29/4/2026;;
EAT26000978;DAHUA;DHI-VTH2621G-P;HET26000492;29/4/2026;;
EAT26000976;DAHUA;DHI-KTA02M;HET26000491;29/4/2026;;
EAT26000977;DAHUA;DHI-KTP03;HET26000490;29/4/2026;;
EAT26001047;PACIFIC_INDUSTRIAL_CO_LTD;PMV-H100;HET26000489;29/4/2026;;
EAT26001048;AEROHIVE;HIVEAP_170;HET26000488;29/4/2026;;
EAT26001161;FYJ;F1;HET26000487;29/4/2026;;
EAT26000973;DAHUA;DHI-ARA43-W2;HET26000495;29/4/2026;;
EAT26001351;H3C;WX3510X;HET26000509;4/5/2026;;
EAT26001349;H3C;S7503X-G;HET26000508;4/5/2026;;
EAT26001348;H3C;S7506X-G;HET26000507;4/5/2026;;
EAT26001350;H3C;SR6602-I;HET26000506;4/5/2026;;
EAT26001083;QSFPTEK;QSFP28-100G-BX20-U_COMPATIBLE_100GBASE-BX20_BIDI_QSFP28_1291NM_TX1311NM-RX_20KM;HET26000505;4/5/2026;;
EAT26001081;QSFPTEK;QSFP28-100G-BX10-U_COMPATIBLE_100GBASE-BX10_BIDI_QSFP28_1271NM_TX1331NM-RX_10KM;HET26000504;4/5/2026;;
EAT26001080;QSFPTEK;QSFP28-100G-BX10-D_COMPATIBLE_100GBASE-BX10_BIDI_QSFP28_1331NM_TX1271NM-RX_10KM;HET26000503;4/5/2026;;
EAT26001082;QSFPTEK;QSFP28-100G-BX20-D_COMPATIBLE_100GBASE-BX20_BIDI_QSFP28_1311NM-TX1291NM-RX_20KM;HET26000502;4/5/2026;;
EAT26001128;QSFPTEK;COMPATIBLE_100GBASE-BX80-D_BIDI_QSFP28_1310NM_TX1273NM-RX_80KM;HET26000501;4/5/2026;;
EAT26001127;QSFPTEK;100GBASE-BX80-U_BIDI_QSFP28_1273NM_TX1310NM-RX_80KM;HET26000500;4/5/2026;;
EAT26001126;QSFPTEK;QSFP28-100G-BX40-D_COMPATIBLE_100GBASE-BX40_BIDI_QSFP28_130914NM-TX130458NM-RX_40KM;HET26000499;4/5/2026;;
EAT26001125;QSFPTEK;QSFP28-100G-BX40-U_COMPATIBLE_100GBASE-BX40_BIDI_QSFP28_130458NM-TX130914NM-RX_40KM;HET26000498;4/5/2026;;
EAT26001014;ALLFLEX_LINK;AWR300NFC;HET26000512;5/5/2026;;
EAT26001077;YAMAHAMOTOR_CO_LTD;T722-A01;HET26000511;5/5/2026;;
EAT26001206;LIFEPHONE;40;HET26000510;5/5/2026;;
EAT26001140;VSOL;HG5013-4G;HET26000519;8/5/2026;;
EAT26001139;NOKIA;G-040P-T;HET26000518;8/5/2026;;
EAT26001154;ERICSSON;UKL40169__A16HP;HET26000517;8/5/2026;;
EAT26001152;ERICSSON;UKL40169A12HP;HET26000516;8/5/2026;;
EAT26001151;ERICSSON;UKL40163A06HP;HET26000514;8/5/2026;;
EAT26001156;VW_AG;WCSKD12A;HET26000513;8/5/2026;;
EAT26001153;ERICSSON;UKL40169A13HP;HET26000515;8/5/2026;;
EAT26001140;VSOL;HG5013-4G;HET26000519;8/5/2026;;
EAT26000983;DAHUA;DHI-VTO2111D-P-S3;HET26000525;12/5/2026;;
EAT26000982;DAHUA;DHI-VTO2101E-P-S2;HET26000524;12/5/2026;;
EAT26000926;ZENNER;MEDIDOR_UG16S-G;HET26000523;12/5/2026;;
EAT26000925;ZENNER;MEDIDOR_UG10S-G;HET26000522;12/5/2026;;
EAT26000923;ZENNER;MEDIDOR_HP_IG4A-GI;HET26000521;12/5/2026;;
EAT26000924;ZENNER;MEDIDOR_UG6S-G;HET26000520;12/5/2026;;
EAT26000991;DAHUA;DH-OTE100T-G;HET26000543;13/5/2026;;
EAT26000990;DAHUA;DHI-VTO2211G-WP-S2;HET26000542;13/5/2026;;
EAT26000993;DAHUA;DH-PFS3005-5ET;HET26000541;13/5/2026;;
EAT26000992;DAHUA;DH-PFS3005-4GT-36;HET26000540;13/5/2026;;
EAT26000999;DAHUA;DH-PFT1500;HET26000539;13/5/2026;;
EAT26001000;DAHUA;DH-S3220-16GT-240;HET26000538;13/5/2026;;
EAT26001001;DAHUA;DH-S3226-24ET-240;HET26000537;13/5/2026;;
EAT26001002;DAHUA;DH-S5428-24GT4XF-360;HET26000536;13/5/2026;;
EAT26001004;DAHUA;DH-SF1005L;HET26000534;13/5/2026;;
EAT26001003;DAHUA;DH-S5452-48GT4XF-750;HET26000533;13/5/2026;;
EAT26001037;MICROTIK;CCR2004-1G-12S-2XS;HET26000532;13/5/2026;;
EAT26001036;MICROTIK;CCR_2216-1G-12XS-2XQ;HET26000531;13/5/2026;;
EAT26001038;MICROTIK;CCR1072-1G-8S;HET26000530;13/5/2026;;
EAT26001039;TP_LINK;DS-P7001-08;HET26000529;13/5/2026;;
EAT26001060;MEDTRONIC;MC2AVR01;HET26000528;13/5/2026;;
EAT26001091;JUNIPER_NETWORKS;PTX10002-60MR;HET26000527;13/5/2026;;
EAT26001338;SIEMENS;6GK5108-0BA00-2AC2;HET26000526;13/5/2026;;
EAT26001005;DAHUA;DH-SF1016L;HET26000535;13/5/2026;;
EAT26001091;JUNIPER_NETWORKS;PTX10002-60MR;HET26000527;13/5/2026;;
EAT26001010;FANVIL;X210V2;HET26000554;25/5/2026;;
EAT26001073;MINDA_INSTRUMENTS_LIMITED;ICPK;HET26000553;25/5/2026;;
EAT26001085;GENESIS;CONNECT_WIDE;HET26000552;25/5/2026;;
EAT26000984;FANVIL;V62W;HET26000551;25/5/2026;;
EAT26000987;FANVIL;V62G;HET26000550;25/5/2026;;
EAT26001050;HP;PROLIANT_DL_360;HET26000549;25/5/2026;;
EAT26001053;ZTE;ZXD_1500;HET26000548;25/5/2026;;
EAT26001051;DELL;POWER_EDGE_R640;HET26000547;25/5/2026;;
EAT26001065;HARMONIC;QSFPDD-400G-4XQSFP100G-70C-3M;HET26000546;25/5/2026;;
EAT26001064;HARMONIC;COS-WHRF-UF9510DC-LA;HET26000545;25/5/2026;;
EAT26001066;HARMONIC;SFP-OLT-I-10G-DUXGS-N1-02;HET26000544;25/5/2026;;
EAT26001053;ZTE;ZXD_1500;HET26000548;25/5/2026;;
EAT26001066;HARMONIC;SFP-OLT-I-10G-DUXGS-N1-02;HET26000544;25/5/2026;;
EAT26001176;VALEO;A08TBB;HET26000584;26/5/2026;;
EAT26001137;ERICSSON;UKL40167A06;HET26000583;26/5/2026;;
EAT26001136;ERICSSON;RDH102472;HET26000582;26/5/2026;;
EAT26001135;ERICSSON;RDH102471;HET26000581;26/5/2026;;
EAT26001138;ERICSSON;UKL40167A06HP;HET26000580;26/5/2026;;
EAT26001245;JFL_ALARMES;ME-05_WB;HET26000579;26/5/2026;;
EAT26001146;ERICSSON;UKL40168__A13HP;HET26000578;26/5/2026;;
EAT26001145;ERICSSON;UKL40167__A07;HET26000577;26/5/2026;;
EAT26001143;ERICSSON;UKL40163__A01;HET26000576;26/5/2026;;
EAT26001147;ERICSSON;UKL40163A02HP;HET26000574;26/5/2026;;
EAT26001149;ERICSSON;UKL40168A01HP;HET26000573;26/5/2026;;
EAT26001148;ERICSSON;UKL40163A05;HET26000572;26/5/2026;;
EAT26001150;ERICSSON;UKL40168A05HP;HET26000571;26/5/2026;;
EAT26001165;TP-LINK;DECO_X10;HET26000570;26/5/2026;;
EAT26001163;TP-LINK;EX141;HET26000569;26/5/2026;;
EAT26001164;TP-LINK;ARCHER_BE400;HET26000568;26/5/2026;;
EAT26001162;TECNO;KN8;HET26000567;26/5/2026;;
EAT26001189;HUAWEI;1,27E+00;HET26000566;26/5/2026;;
EAT26001202;ZTE;ZXA10_C620;HET26000565;26/5/2026;;
EAT26001203;ZTE;XGPON_GPON_OLT_C600_C620;HET26000564;26/5/2026;;
EAT26001205;CDATA;FD511GX;HET26000563;26/5/2026;;
EAT26001222;VSOL;V2804AX_E_HG325AX;HET26000562;26/5/2026;;
EAT26001224;DATACOM;DM_986-416AX30;HET26000561;26/5/2026;;
EAT26001223;DATACOM;DM_986-414;HET26000560;26/5/2026;;
EAT26001225;PHYHOME;FHZ2100GZB;HET26000559;26/5/2026;;
EAT26001211;DHUA;DH-TC39;HET26000558;26/5/2026;;
EAT26001209;DAHUA;DH-SG1024;HET26000557;26/5/2026;;
EAT26001208;DAHUA;DH-SG1016;HET26000556;26/5/2026;;
EAT26001144;ERICSSON;UKL40163__A02;HET26000575;26/5/2026;;
EAT26001210;DAHUA;DH-TC32;HET26000555;26/5/2026;;
EAT26001202;ZTE;ZXA10_C620;HET26000565;26/5/2026;;
EAT26001203;ZTE;XGPON_GPON_OLT_C600_C620;HET26000564;26/5/2026;;
EAT26001203;ZTE;XGPON_GPON_OLT_C600_C620;HET26000564;26/5/2026;;
EAT26001222;VSOL;V2804AX_E_HG325AX;HET26000562;26/5/2026;;
EAT26001217;DAHUA;DH-PFS3005-5GT;HET26000592;28/5/2026;;
EAT26001218;DAHUA;DH-PFS3008-8ET;HET26000591;28/5/2026;;
EAT26001220;DAHUA;DH-PFS3110-8GT-65;HET26000590;28/5/2026;;
EAT26001219;DAHUA;DH-PFS3008-8GT;HET26000589;28/5/2026;;
EAT26001221;ASUS;GST868003;HET26000588;28/5/2026;;
EAT26001250;SAIC_MOTOR;FLC-WNP296;HET26000587;28/5/2026;;
EAT26001477;GRANDSTREAM;GXP1628;HET26000586;28/5/2026;;
EAT26001487;JUNIPER_NETWORKS;EX4100-H-12T;HET26000585;28/5/2026;;
EAT26001487;JUNIPER_NETWORKS;EX4100-H-12T;HET26000585;28/5/2026;;
EAT26001265;DAHUA;PFT1300;HET26000613;29/5/2026;;
EAT26001268;ERICSSON;UKL40171A45HP;HET26000612;29/5/2026;;
EAT26001267;ERICSSON;UKL40171A42HP;HET26000611;29/5/2026;;
EAT26001266;ERICSSON;UKL40167A01;HET26000610;29/5/2026;;
EAT26001269;ERICSSON;UKL40179__A21HP;HET26000609;29/5/2026;;
EAT26001273;ERICSSON;UKL40179__A26HP;HET26000608;29/5/2026;;
EAT26001271;ERICSSON;UKL40179A23HP;HET26000607;29/5/2026;;
EAT26001272;ERICSSON;UKL40179A25HP;HET26000606;29/5/2026;;
EAT26001270;ERICSSON;UKL40179A22HP;HET26000605;29/5/2026;;
EAT26001285;RADIOSHACK;B0DFD4PPGK;HET26000604;29/5/2026;;
EAT26001284;RADIOSHACK;1503280;HET26000603;29/5/2026;;
EAT26001283;RADIOSHACK;2607006;HET26000602;29/5/2026;;
EAT26001291;MIKROTIKLS_SIA;SXTSQ-5AXD-US;HET26000601;29/5/2026;;
EAT26001299;RADIOSHACK;4001748;HET26000600;29/5/2026;;
EAT26001298;RADIOSHACK;4001776;HET26000599;29/5/2026;;
EAT26001297;RADIOSHACK;4001762;HET26000598;29/5/2026;;
EAT26001300;RADIOSHACK;4001749;HET26000597;29/5/2026;;
EAT26001262;DAHUA;DH-CS4006-4ET2GT-60;HET26000596;29/5/2026;;
EAT26001260;DAHUA;DH-CHS4106-4ET-60;HET26000594;29/5/2026;;
EAT26001263;DAHUA;DH-CS4010-8ET2GT-60;HET26000593;29/5/2026;;
EAT26001261;DAHUA;DH-CS4006-4ET2GT-36;HET26000595;29/5/2026;;
EAT26001291;MIKROTIKLS_SIA;SXTSQ-5AXD-US;HET26000601;29/5/2026;;
EAT26001329;CUBITT;CT-PWOE1;HET26000674;1/6/2026;;
EAT26001327;CUBITT;CT-PWEP5;HET26000673;1/6/2026;;
EAT26001326;CUBITT;CT-PWEP1;HET26000672;1/6/2026;;
EAT26001328;CUBITT;CT-PWEP9;HET26000671;1/6/2026;;
EAT26001333;CUBITT;CT-TERRA7;HET26000670;1/6/2026;;
EAT26001332;CUBITT;CT-TERRA3;HET26000669;1/6/2026;;
EAT26001331;CUBITT;CT-TERRA1;HET26000668;1/6/2026;;
EAT26001334;CUBITT;CT-PWOE9;HET26000667;1/6/2026;;
EAT26001336;MERCUSYS;MB110-4G;HET26000666;1/6/2026;;
EAT26001337;SAMSUNG;SM-S948B;HET26000665;1/6/2026;;
EAT26001352;AD;SZ137;HET26000664;1/6/2026;;
EAT26001362;HARMONIC;COS-OYS-PON-NN-NN-NN-U-AM-NN;HET26000663;1/6/2026;;
EAT26001360;PROLABS;SFP-25G-C-SR-TA__SFP-25G-SR-AR-C;HET26000662;1/6/2026;;
EAT26001361;HARMONIC;COS-PRL1-M1-4P-2Y-HR01;HET26000661;1/6/2026;;
EAT26001363;HARMONIC;COS-JTY2M-6Y-HR01;HET26000660;1/6/2026;;
EAT26001364;HARMONIC;COS-FIN1-20-I__TXM-MPOLT-06CI;HET26000659;1/6/2026;;
EAT26001365;SUPERXON;SFP-OLT-I-1G-DUGPON-C__SOGQ4321-PLIGB;HET26000658;1/6/2026;;
EAT26001375;SUPERXON;SFP-10G-I-BIDI-ER33__SO047277-PLIGA;HET26000657;1/6/2026;;
EAT26001374;SUPERXON;SFP-10G-I-BIDI-ER27__SO042777-PLIGA;HET26000656;1/6/2026;;
EAT26001377;OE_SOLUTIONS;SFP-10G-I-BIDI-LR33__RBTX0SLR-I33;HET26000654;1/6/2026;;
EAT26001372;BELFONE;BP860;HET26000653;1/6/2026;;
EAT26001385;DAYTAI;OLT;HET26000652;1/6/2026;;
EAT26001420;TP-LINK;ARCHER_AX23;HET26000651;1/6/2026;;
EAT26001419;TP-LINK;ARCHER_AX12;HET26000650;1/6/2026;;
EAT26001418;TP-LINK;ARCHER_AX10;HET26000649;1/6/2026;;
EAT26001417;TP-LINK;ARCHER_A10;HET26000648;1/6/2026;;
EAT26001424;TP-LINK;ARCHER_AX73;HET26000647;1/6/2026;;
EAT26001423;TP-LINK;ARCHER_AX72;HET26000646;1/6/2026;;
EAT26001421;TP-LINK;ARCHER_AX50;HET26000645;1/6/2026;;
EAT26001422;TP-LINK;ARCHER_AX53;HET26000644;1/6/2026;;
EAT26001443;TP-LINK;EX511;HET26000643;1/6/2026;;
EAT26001441;TP-LINK;EC225-G5;HET26000642;1/6/2026;;
EAT26001442;TP-LINK;EC220-F5;HET26000641;1/6/2026;;
EAT26001428;TP-LINK;ARCHER_C6;HET26000640;1/6/2026;;
EAT26001426;TP-LINK;ARCHER_BE220;HET26000639;1/6/2026;;
EAT26001425;TP-LINK;ARCHER_AX6000;HET26000638;1/6/2026;;
EAT26001427;TP-LINK;ARCHER_BE230;HET26000637;1/6/2026;;
EAT26001432;TP-LINK;ARCHER_C24;HET26000636;1/6/2026;;
EAT26001433;TP-LINK;ARCHER_C50;HET26000634;1/6/2026;;
EAT26001431;TP-LINK;ARCHER_C20;HET26000633;1/6/2026;;
EAT26001444;LENOVO;SM8867;HET26000632;1/6/2026;;
EAT26001445;ZEBRA;ET401EB;HET26000631;1/6/2026;;
EAT26001447;TP-LINK;EAP615-WALL;HET26000630;1/6/2026;;
EAT26001446;TP-LINK;EAP225-OUTDOOR;HET26000629;1/6/2026;;
EAT26001449;TP-LINK;EAP650;HET26000628;1/6/2026;;
EAT26001448;TP-LINK;EAP620_HD;HET26000627;1/6/2026;;
EAT26001450;WHETRON;1D005271S100391000S1;HET26000626;1/6/2026;;
EAT26001454;TP-LINK;EAP660_HD;HET26000625;1/6/2026;;
EAT26001453;TP-LINK;EAP6535-PACK;HET26000624;1/6/2026;;
EAT26001452;TP-LINK;EAP653;HET26000623;1/6/2026;;
EAT26001451;TP-LINK;EAP650-OUTDOOR;HET26000622;1/6/2026;;
EAT26001464;TP-LINK;ARCHER_TX20U_PLUS;HET26000621;1/6/2026;;
EAT26001463;TP-LINK;ARCHER_TX20U_NANO;HET26000620;1/6/2026;;
EAT26001462;TP-LINK;ARCHER_TX20U;HET26000619;1/6/2026;;
EAT26001461;TP-LINK;ARCHER_TX10UB_NANO;HET26000618;1/6/2026;;
EAT26001492;TP-LINK;EX520;HET26000617;1/6/2026;;
EAT26001491;TP-LINK;ER706W;HET26000616;1/6/2026;;
EAT26001490;TP-LINK;EH210;HET26000614;1/6/2026;;
EAT26001325;HL_KLEMOVE;SRR40SL;HET26000675;1/6/2026;;
EAT26001376;OE_SOLUTIONS;SFP-10G-I-BIDI-LR27__RBTX0SLR-I27;HET26000655;1/6/2026;;
EAT26001430;TP-LINK;ARCHER_C6U;HET26000635;1/6/2026;;
EAT26001489;TP-LINK;EAP720;HET26000615;1/6/2026;;
EAT26001364;HARMONIC;COS-FIN1-20-I__TXM-MPOLT-06CI;HET26000659;1/6/2026;;
EAT26001365;SUPERXON;SFP-OLT-I-1G-DUGPON-C__SOGQ4321-PLIGB;HET26000658;1/6/2026;;
EAT26001385;DAYTAI;OLT;HET26000652;1/6/2026;;
EAT26001468;TP-LINK;EAP673;HET26000698;2/6/2026;;
EAT26001467;TP-LINK;EAP668-OUTDOOR_HD;HET26000697;2/6/2026;;
EAT26001465;TP-LINK;ARCHER_TX50U;HET26000696;2/6/2026;;
EAT26001468;TP-LINK;EAP673;HET26000698;2/6/2026;;
EAT26001467;TP-LINK;EAP668-OUTDOOR_HD;HET26000697;2/6/2026;;
EAT26001465;TP-LINK;ARCHER_TX50U;HET26000696;2/6/2026;;
EAT26001485;TP-LINK;DECO_X60;HET26000705;3/6/2026;;
EAT26001483;TP-LINK;DECO_X10;HET26000704;3/6/2026;;
EAT26001484;TP-LINK;DECO_X50_PRO;HET26000703;3/6/2026;;
EAT26001482;TP-LINK;DECO_BE25;HET26000702;3/6/2026;;
EAT26001480;GLC;GLC-G6310PF-8-120W;HET26000701;3/6/2026;;
EAT26001481;GLC;GLC-M2-8P;HET26000700;3/6/2026;;
EAT26001479;GLC;GLC-G6328P-24-410W;HET26000699;3/6/2026;;
EAT26001485;TP-LINK;DECO_X60;HET26000705;3/6/2026;;
EAT26001483;TP-LINK;DECO_X10;HET26000704;3/6/2026;;
EAT26001484;TP-LINK;DECO_X50_PRO;HET26000703;3/6/2026;;
EAT26001482;TP-LINK;DECO_BE25;HET26000702;3/6/2026;;
EAT26001480;GLC;GLC-G6310PF-8-120W;HET26000701;3/6/2026;;
EAT26001481;GLC;GLC-M2-8P;HET26000700;3/6/2026;;
EAT26001479;GLC;GLC-G6328P-24-410W;HET26000699;3/6/2026;;
EAT26001578;CISCO;C9300L-48P-4X-A;HET26000752;5/6/2026;;
EAT26001578;CISCO;C9300L-48P-4X-A;HET26000752;5/6/2026;;
EAT26001240;CUBITT;CT-AURA2-8;HET26000751;5/6/2026;;
EAT26001239;CUBITT;CT-AURA2-5;HET26000750;5/6/2026;;
EAT26001238;CUBITT;CT-AURA2-2;HET26000749;5/6/2026;;
EAT26001237;CUBITT;CT-AURA2-1;HET26000748;5/6/2026;;
EAT26001626;MICROCHIP_FREQUENCY_AND_TIME_SYSTEMS;090-14001-XXX;HET26000747;5/6/2026;;
EAT26001627;MICROCHIP_FREQUENCY_AND_TIME_SYSTEMS;090-14002-XXX;HET26000746;5/6/2026;;
EAT26001476;TP-LINK;RE705X;HET26000745;5/6/2026;;
EAT26001475;TP-LINK;RE700X;HET26000744;5/6/2026;;
EAT26001474;TP-LINK;RE550;HET26000743;5/6/2026;;
EAT26001473;TP-LINK;RE220BE;HET26000742;5/6/2026;;
EAT26001486;JUNIPER_NETWORKS;PTX12008;HET26000741;5/6/2026;;
EAT26001502;TP-LINK;DS110GMP;HET26000740;5/6/2026;;
EAT26001504;TP-LINK;ES228GMP;HET26000739;5/6/2026;;
EAT26001501;TP-LINK;DS106GPP;HET26000738;5/6/2026;;
EAT26001503;TP-LINK;ES220GMP;HET26000737;5/6/2026;;
EAT26001506;TP-LINK;DECO_BE22;HET26000736;5/6/2026;;
EAT26001505;TP-LINK;BEAM_BRIDGE_5_UR_KIT;HET26000734;5/6/2026;;
EAT26001509;ZEBRA;TC1010;HET26000733;5/6/2026;;
EAT26001510;ZEBRA;TC101B;HET26000732;5/6/2026;;
EAT26001513;TP-LINK;IES210GPP;HET26000731;5/6/2026;;
EAT26001511;TP-LINK;IES206GPP;HET26000730;5/6/2026;;
EAT26001514;TP-LINK;OC220;HET26000729;5/6/2026;;
EAT26001512;TP-LINK;IES208G;HET26000728;5/6/2026;;
EAT26001517;TP-LINK;POE370S;HET26000727;5/6/2026;;
EAT26001518;TP-LINK;SG3210XHP-M2;HET26000726;5/6/2026;;
EAT26001516;TP-LINK;POE20E-OUTDOOR;HET26000725;5/6/2026;;
EAT26001519;TP-LINK;SG3218XP-M2;HET26000724;5/6/2026;;
EAT26001521;TP-LINK;ER605;HET26000723;5/6/2026;;
EAT26001524;TP-LINK;LS108G;HET26000722;5/6/2026;;
EAT26001523;TP-LINK;LS105G;HET26000721;5/6/2026;;
EAT26001522;TP-LINK;ER7412-M2;HET26000720;5/6/2026;;
EAT26001540;APPLE;A2482;HET26000719;5/6/2026;;
EAT26001530;TP-LINK;SG2218;HET26000718;5/6/2026;;
EAT26001528;TP-LINK;POE260S;HET26000717;5/6/2026;;
EAT26001529;TP-LINK;SG2005P-PD;HET26000716;5/6/2026;;
EAT26001599;HONOR;VKJ-NX9;HET26000714;5/6/2026;;
EAT26001602;REDMI;2510ERA8BG;HET26000713;5/6/2026;;
EAT26001601;REDMI;25098RA98G;HET26000712;5/6/2026;;
EAT26001624;REDMI;2510ERA8BG;HET26000711;5/6/2026;;
EAT26001623;REDMI;25098RA98G;HET26000710;5/6/2026;;
EAT26001689;FLEXOPTIX;Q851HG02;HET26000709;5/6/2026;;
EAT26001688;ARISTA;DCS-7060CX2-32S;HET26000708;5/6/2026;;
EAT26001691;FLEXOPTIC;TC1202BF;HET26000707;5/6/2026;;
EAT26001690;FLEXOPTIC;Q8540G02;HET26000706;5/6/2026;;
EAT26001599;HONOR;VKJ-NX9;HET26000714;5/6/2026;;
EAT26001602;REDMI;2510ERA8BG;HET26000713;5/6/2026;;
EAT26001601;REDMI;25098RA98G;HET26000712;5/6/2026;;
EAT26001624;REDMI;2510ERA8BG;HET26000711;5/6/2026;;
EAT26001623;REDMI;25098RA98G;HET26000710;5/6/2026;;
EAT26001689;FLEXOPTIX;Q851HG02;HET26000709;5/6/2026;;
EAT26001688;ARISTA;DCS-7060CX2-32S;HET26000708;5/6/2026;;
EAT26001691;FLEXOPTIC;TC1202BF;HET26000707;5/6/2026;;
EAT26001690;FLEXOPTIC;Q8540G02;HET26000706;5/6/2026;;
EAT26001507;TP-LINK;DECO_XE75;HET26000735;5/6/2026;;
EAT26001531;TP-LINK;SG3428XMP;HET26000715;5/6/2026;;
EAT26001531;TP-LINK;SG3428XMP;HET26000715;5/6/2026;;
EAT26001578;CISCO;C9300L-48P-4X-A;HET26000752;5/6/2026;;
EAT26001486;JUNIPER_NETWORKS;PTX12008;HET26000741;5/6/2026;;
EAT26001559;TP-LINK;ARCHER_C80;HET26000776;8/6/2026;;
EAT26001557;MERCUSYS;MC210;HET26000774;8/6/2026;;
EAT26001556;MERCUSYS;MC200;HET26000773;8/6/2026;;
EAT26001535;TP-LINK;UE300C;HET26000772;8/6/2026;;
EAT26001534;TP-LINK;UE300;HET26000771;8/6/2026;;
EAT26001533;TP-LINK;TL-SG1016;HET26000770;8/6/2026;;
EAT26001532;TP-LINK;SX3032F;HET26000769;8/6/2026;;
EAT26001536;TP-LINK;UE330;HET26000768;8/6/2026;;
EAT26001537;TP-LINK;XGZ030;HET26000767;8/6/2026;;
EAT26001539;TP-LINK;XZ000-G6;HET26000766;8/6/2026;;
EAT26001538;TP-LINK;XM60A;HET26000765;8/6/2026;;
EAT26001542;MERCUSYS;ME60X;HET26000764;8/6/2026;;
EAT26001543;MERCUSYS;ME80X;HET26000763;8/6/2026;;
EAT26001541;MERCUSYS;ME25BE;HET26000762;8/6/2026;;
EAT26001544;MERCUSYS;MR60X;HET26000761;8/6/2026;;
EAT26001546;MERCUSYS;MS105;HET26000760;8/6/2026;;
EAT26001545;MERCUSYS;MR85X;HET26000759;8/6/2026;;
EAT26001548;MERCUSYS;MS124GS;HET26000758;8/6/2026;;
EAT26001547;MERCUSYS;MS116GS;HET26000757;8/6/2026;;
EAT26001550;MERCUSYS;MA70XM;HET26000756;8/6/2026;;
EAT26001552;TP-LINK;XZ005-G6;HET26000754;8/6/2026;;
EAT26001551;TP-LINK;XZ000-G3;HET26000753;8/6/2026;;
EAT26001558;TP-LINK;ARCHER_C64;HET26000775;8/6/2026;;
EAT26001549;MERCUSYS;MA30N;HET26000755;8/6/2026;;
EAT26001569;GARMIN;PCI3L4PTR1;HET26000781;9/6/2026;;
EAT26001710;MITSUBISHI_ELECTRIC;FX5-OPC;HET26000780;9/6/2026;;
EAT26001709;MITSUBISHI_ELECTRIC;NZ2GF2B1-32D;HET26000779;9/6/2026;;
EAT26001708;MITSUBISHI_ELECTRIC;QJ71GF11-T2;HET26000778;9/6/2026;;
EAT26001707;MITSUBISHI_ELECTRIC;QJ61BT11N;HET26000777;9/6/2026;;
EAT26001608;MOTOROLA;XT2603-2;HET26000789;12/6/2026;;
EAT26001607;MOTOROLA;XT2651-1;HET26000788;12/6/2026;;
EAT26001591;MOTOROLA;XT2607-1;HET26000787;12/6/2026;;
EAT26001590;MOTOROLA;XT2605-3;HET26000786;12/6/2026;;
EAT26001589;MOTOROLA;XT2601-3;HET26000785;12/6/2026;;
EAT26001597;HONOR;LNA-NX3;HET26000784;12/6/2026;;
EAT26001598;HONOR;BKQ-NX9;HET26000783;12/6/2026;;
EAT26001600;HONOR;VKP-NX9;HET26000782;12/6/2026;;
EAT26001612;CUBITT;CT-VIVAP2-9;HET26000937;15/6/2026;;
EAT26001611;CUBITT;CT-VIVAP2-8;HET26000936;15/6/2026;;
EAT26001609;CUBITT;CT-VIVAP2-2;HET26000934;15/6/2026;;
EAT26001616;CUBITT;CTJR-DY2MM;HET26000933;15/6/2026;;
EAT26001615;CUBITT;CTJR-DY2F;HET26000932;15/6/2026;;
EAT26001614;CUBITT;CTJR-6;HET26000931;15/6/2026;;
EAT26001613;CUBITT;CTJR-5;HET26000930;15/6/2026;;
EAT26001621;TECNO;LK7;HET26000929;15/6/2026;;
EAT26001629;SCHNEIDER_ELECTRIC;PAS800L;HET26000928;15/6/2026;;
EAT26001630;IMOU;HX32AX3000;HET26000927;15/6/2026;;
EAT26001637;CUBITT;CTJR-DY3M;HET26000926;15/6/2026;;
EAT26001636;CUBITT;CTJR-3;HET26000925;15/6/2026;;
EAT26001635;CUBITT;CTJR-2;HET26000924;15/6/2026;;
EAT26001634;CUBITT;CTJR-1;HET26000923;15/6/2026;;
EAT26001638;TP-LINK;SG3428MP;HET26000922;15/6/2026;;
EAT26001639;TP-LINK;SG3428XPP-M2;HET26000921;15/6/2026;;
EAT26001644;CUBITT;CTJR-DY5MM;HET26000920;15/6/2026;;
EAT26001643;CUBITT;CTJR-DY4C;HET26000919;15/6/2026;;
EAT26001645;CUBITT;CTJR-DY6C;HET26000918;15/6/2026;;
EAT26001642;CUBITT;CTJR-DY3LS;HET26000917;15/6/2026;;
EAT26001649;TP-LINK;EAP245;HET26000916;15/6/2026;;
EAT26001646;TP-LINK;EAP215-BRIDGE_KIT;HET26000914;15/6/2026;;
EAT26001647;TP-LINK;EAP223;HET26000913;15/6/2026;;
EAT26001653;TP-LINK;LS1008G;HET26000912;15/6/2026;;
EAT26001654;TP-LINK;OC200;HET26000911;15/6/2026;;
EAT26001652;TP-LINK;LS1005G;HET26000910;15/6/2026;;
EAT26001651;TP-LINK;ER7406;HET26000909;15/6/2026;;
EAT26001656;CUBITT;CTJR-PP2C;HET26000908;15/6/2026;;
EAT26001659;CUBITT;CTJR-PP8R;HET26000907;15/6/2026;;
EAT26001658;CUBITT;CTJR-PP5S;HET26000906;15/6/2026;;
EAT26001657;CUBITT;CTJR-PP4M;HET26000905;15/6/2026;;
EAT26001663;TP-LINK;XX530;HET26000904;15/6/2026;;
EAT26001662;TP-LINK;XX230;HET26000903;15/6/2026;;
EAT26001661;TP-LINK;SG2428P;HET26000902;15/6/2026;;
EAT26001660;TP-LINK;RE505X;HET26000901;15/6/2026;;
EAT26001666;TP-LINK;SX3008F;HET26000900;15/6/2026;;
EAT26001665;TP-LINK;SG6428X;HET26000899;15/6/2026;;
EAT26001667;TP-LINK;SX3016F;HET26000898;15/6/2026;;
EAT26001677;ERICSSON;UKL40179__A27HP;HET26000897;15/6/2026;;
EAT26001675;ERICSSON;UKL40170__A12HP;HET26000896;15/6/2026;;
EAT26001676;ERICSSON;UKL40170__A15HP;HET26000894;15/6/2026;;
EAT26001669;SHENZHEN_ZHIANG_TECHNOLOGIES;LD_8800_BT;HET26000893;15/6/2026;;
EAT26001673;TP-LINK;TL-SG1048;HET26000892;15/6/2026;;
EAT26001672;TP-LINK;ER707-M2;HET26000891;15/6/2026;;
EAT26001671;TP-LINK;TL-SG108-M2;HET26000890;15/6/2026;;
EAT26001670;TP-LINK;TL-SG105-M2;HET26000889;15/6/2026;;
EAT26001682;ERICSSON;UKL40170__A21HP;HET26000888;15/6/2026;;
EAT26001681;ERICSSON;UKL40170__A17HP;HET26000887;15/6/2026;;
EAT26001679;ERICSSON;UKL40170__A01HP;HET26000886;15/6/2026;;
EAT26001680;ERICSSON;UKL40170__A16HP;HET26000885;15/6/2026;;
EAT26001686;ERICSSON;UKL40170__A06HP;HET26000884;15/6/2026;;
EAT26001685;ERICSSON;UKL40170__A05HP;HET26000883;15/6/2026;;
EAT26001684;ERICSSON;UKL40170__A03HP;HET26000882;15/6/2026;;
EAT26001683;ERICSSON;UKL40170__A02HP;HET26000881;15/6/2026;;
EAT26001687;LENOVO;GS-7220;HET26000880;15/6/2026;;
EAT26001698;CDATA;FD514GS1_R550;HET26000879;15/6/2026;;
EAT26001697;CDATA;FD514GD-R550;HET26000878;15/6/2026;;
EAT26001696;CDATA;FD512XW-R550;HET26000877;15/6/2026;;
EAT26001699;CDATA;FD814GD-R850;HET26000876;15/6/2026;;
EAT26001701;ZENNER;MEDIDOR_ZYL-DN25-G10;HET26000874;15/6/2026;;
EAT26001703;EXTREME_NETWORKS;7520-48;HET26000873;15/6/2026;;
EAT26001720;CDATA;FD1608S-B1-PDA0;HET26000872;15/6/2026;;
EAT26001718;CDATA;FD1602S-B1-NSA0;HET26000871;15/6/2026;;
EAT26001717;CDATA;FD1601S-B1-NSA0;HET26000870;15/6/2026;;
EAT26001719;CDATA;FD1604S-B1-PDA0;HET26000869;15/6/2026;;
EAT26001721;DEFCOM;T20;HET26000868;15/6/2026;;
EAT26001724;PHILIPS;ALTURION;HET26000867;15/6/2026;;
EAT26001727;HYUNDAI_MOBIS;DA651ZZZGG;HET26000866;15/6/2026;;
EAT26001730;SONICFI;RAP630C-311G;HET26000865;15/6/2026;;
EAT26001731;SONICFI;RAP630W-311G;HET26000864;15/6/2026;;
EAT26001737;ACTIONTEC;WF-189H;HET26000863;15/6/2026;;
EAT26001736;ACTIONTEC;WF-189;HET26000862;15/6/2026;;
EAT26001735;ACTIONTEC;WF-660AG;HET26000861;15/6/2026;;
EAT26001734;ACTIONTEC;WF-196;HET26000860;15/6/2026;;
EAT26001739;ACTIONTEC;WF-672A;HET26000859;15/6/2026;;
EAT26001748;PIONEER;DMH-AP1080BT;HET26000858;15/6/2026;;
EAT26001749;PIONEER;DMH-AP7850BT;HET26000857;15/6/2026;;
EAT26001750;PIONEER;DMH-AP8850BT;HET26000856;15/6/2026;;
EAT26001752;PIONEER;DMH-AP5850BT;HET26000854;15/6/2026;;
EAT26001753;PIONEER;DMH-AP6850BT;HET26000853;15/6/2026;;
EAT26001754;PIONEER;DMH-AP4850BT;HET26000852;15/6/2026;;
EAT26001758;CDATA;FD614GS3-R850;HET26000851;15/6/2026;;
EAT26001755;CDATA;FD1616S-B2-PDA0;HET26000850;15/6/2026;;
EAT26001756;CDATA;FD1732S-PDA0;HET26000849;15/6/2026;;
EAT26001757;CDATA;FD711G-F360;HET26000848;15/6/2026;;
EAT26001759;MEDTRONIC;MC2AVR1;HET26000847;15/6/2026;;
EAT26001763;MICROCHIP_FREQUENCY_AND_TIME_SYSTEMS;090-14000-XXX;HET26000846;15/6/2026;;
EAT26001762;MICROCHIP_FREQUENCY_AND_TIME_SYSTEMS;090-14401-001_XT_SHELF;HET26000845;15/6/2026;;
EAT26001765;CDATA;CR6300-H950;HET26000844;15/6/2026;;
EAT26001764;CDATA;CR6150;HET26000843;15/6/2026;;
EAT26001863;NOKIA;ISAM_7360_FWLT_C;HET26000842;15/6/2026;;
EAT26001861;TOA;WT5805;HET26000841;15/6/2026;;
EAT26001771;CUBITT;CTTN-1;HET26000840;15/6/2026;;
EAT26001773;CUBITT;CTTN-3;HET26000839;15/6/2026;;
EAT26001772;CUBITT;CTTN-2;HET26000838;15/6/2026;;
EAT26001774;CUBITT;CTTN-5;HET26000837;15/6/2026;;
EAT26001775;EARDATEK;ERD-RS211NAD;HET26000836;15/6/2026;;
EAT26001778;CUBITT;CTK-1;HET26000834;15/6/2026;;
EAT26001777;CUBITT;CT-TERRA58;HET26000833;15/6/2026;;
EAT26001776;CUBITT;CTTN-6;HET26000832;15/6/2026;;
EAT26001790;JUNIPER_NETWORKS;QFX5250-64OE-L;HET26000831;15/6/2026;;
EAT26001793;CUBITT;CT-SCALE8;HET26000830;15/6/2026;;
EAT26001792;CUBITT;CT-SCALE7;HET26000829;15/6/2026;;
EAT26001791;CUBITT;CT-SCALE;HET26000828;15/6/2026;;
EAT26001794;CUBITT;CT-PWGO2-1;HET26000827;15/6/2026;;
EAT26001797;CUBITT;CT-PWGO2-2;HET26000826;15/6/2026;;
EAT26001800;CUBITT;CT-PWGO2-8;HET26000825;15/6/2026;;
EAT26001799;CUBITT;CT-PWGO2-7;HET26000824;15/6/2026;;
EAT26001798;CUBITT;CT-PWGO2-4;HET26000823;15/6/2026;;
EAT26001802;XIAOMI;2602DPT53G;HET26000822;15/6/2026;;
EAT26001801;XIAOMI;25113PN0EG;HET26000821;15/6/2026;;
EAT26001803;XIAOMI;2602EPTC0G;HET26000820;15/6/2026;;
EAT26001805;PIONEER;DMH-AP6650BT;HET26000819;15/6/2026;;
EAT26001809;MERCUSYS;MR37BE;HET26000818;15/6/2026;;
EAT26001808;MERCUSYS;MR27BE;HET26000817;15/6/2026;;
EAT26001807;MERCUSYS;MR25WBE;HET26000816;15/6/2026;;
EAT26001814;TP-LINK;XZ001-G7;HET26000814;15/6/2026;;
EAT26001813;MERCUSYS;MA530;HET26000813;15/6/2026;;
EAT26001812;MERCUSYS;MR80X;HET26000812;15/6/2026;;
EAT26001811;MERCUSYS;MR62X;HET26000811;15/6/2026;;
EAT26001818;TP-LINK;HX520;HET26000810;15/6/2026;;
EAT26001817;TP-LINK;EX222;HET26000809;15/6/2026;;
EAT26001816;TP-LINK;HC220-G5;HET26000808;15/6/2026;;
EAT26001815;MERCUSYS;ME30;HET26000807;15/6/2026;;
EAT26001824;MERCUSYS;MR20;HET26000806;15/6/2026;;
EAT26001827;MERCUSYS;MR90X;HET26000805;15/6/2026;;
EAT26001826;MERCUSYS;MR50G;HET26000804;15/6/2026;;
EAT26001825;MERCUSYS;MR30G;HET26000803;15/6/2026;;
EAT26001832;VSOL;V2802AC-H;HET26000802;15/6/2026;;
EAT26001835;TP-LINK;TAPO_H100;HET26000801;15/6/2026;;
EAT26001838;TP-LINK;OC400;HET26000800;15/6/2026;;
EAT26001837;TP-LINK;OC300;HET26000799;15/6/2026;;
EAT26001836;TP-LINK;DS-P7001-04;HET26000798;15/6/2026;;
EAT26001842;TP-LINK;XX230V;HET26000797;15/6/2026;;
EAT26001841;TP-LINK;XC220-G3V;HET26000796;15/6/2026;;
EAT26001840;TP-LINK;DS-P7001-08;HET26000794;15/6/2026;;
EAT26001844;TP-LINK;DS-P7001-16;HET26000793;15/6/2026;;
EAT26001847;TP-LINK;ER7212PC;HET26000792;15/6/2026;;
EAT26001846;TP-LINK;ER8411;HET26000791;15/6/2026;;
EAT26001845;TP-LINK;ER7206;HET26000790;15/6/2026;;
EAT26001610;CUBITT;CT-VIVAP2-5;HET26000935;15/6/2026;;
EAT26001648;TP-LINK;EAP225;HET26000915;15/6/2026;;
EAT26001674;ERICSSON;UKL40170__A11HP;HET26000895;15/6/2026;;
EAT26001711;ZENNER;MEDIDOR_ZTM-DN100L;HET26000875;15/6/2026;;
EAT26001751;PIONEER;DMH-AP980BT;HET26000855;15/6/2026;;
EAT26001779;CUBITT;CTK-7;HET26000835;15/6/2026;;
EAT26001806;MERCUSYS;MR25BE;HET26000815;15/6/2026;;
EAT26001843;TP-LINK;HX220;HET26000795;15/6/2026;;
EAT26001790;JUNIPER_NETWORKS;QFX5250-64OE-L;HET26000831;15/6/2026;;
EAT26001832;VSOL;V2802AC-H;HET26000802;15/6/2026;;
EAT26001828;TP-LINK;C5300;HET26000974;16/6/2026;;
EAT26001867;VSOL;HG5063C-AX30-1Q;HET26000973;16/6/2026;;
EAT26001851;CUBITT;CT-PWPLUS2-7;HET26000972;16/6/2026;;
EAT26001850;CUBITT;CT-PWPLUS2-4;HET26000971;16/6/2026;;
EAT26001849;CUBITT;CT-PWPLUS2-2;HET26000970;16/6/2026;;
EAT26001848;CUBITT;CT-PWPLUS2-1;HET26000969;16/6/2026;;
EAT26001856;CUBITT;CT-PWPRO2-8;HET26000968;16/6/2026;;
EAT26001855;CUBITT;CT-PWPRO2-2;HET26000967;16/6/2026;;
EAT26001854;CUBITT;CT-PWPRO2-1;HET26000966;16/6/2026;;
EAT26001853;CUBITT;CT-PWPLUS2-8;HET26000965;16/6/2026;;
EAT26001858;CUBITT;CT-PWMINI8;HET26000964;16/6/2026;;
EAT26001857;CUBITT;CT-PWMINI1;HET26000963;16/6/2026;;
EAT26001860;CUBITT;CT-PWOE9;HET26000962;16/6/2026;;
EAT26001859;CUBITT;CT-PWOE1;HET26000961;16/6/2026;;
EAT26001872;MOTOROLA;X2621-1;HET26000960;16/6/2026;;
EAT26001871;MOTOROLA;X2625-1;HET26000959;16/6/2026;;
EAT26001870;MOTOROLA;X2657-1;HET26000958;16/6/2026;;
EAT26001874;VSOL;V2802AC-H;HET26000957;16/6/2026;;
EAT26001873;VSOL;V2801S-B;HET26000956;16/6/2026;;
EAT26001876;CUBITT;CT-PWANC-1;HET26000954;16/6/2026;;
EAT26001878;CUBITT;CT-PWANC-2N;HET26000953;16/6/2026;;
EAT26001877;CUBITT;CT-PWANC-2;HET26000952;16/6/2026;;
EAT26001882;CUBITT;CT-PWANC-7;HET26000951;16/6/2026;;
EAT26001880;CUBITT;CT-PWANC-4;HET26000950;16/6/2026;;
EAT26001883;CUBITT;CT-PWANC-L1;HET26000949;16/6/2026;;
EAT26001881;CUBITT;CT-PWANC-4V;HET26000948;16/6/2026;;
EAT26001887;CUBITT;CT-PWBUDS5;HET26000947;16/6/2026;;
EAT26001885;CUBITT;T-PWBUDS1;HET26000946;16/6/2026;;
EAT26001884;CUBITT;CT-PWANC-L9;HET26000945;16/6/2026;;
EAT26001886;CUBITT;CT-PWBUDS2;HET26000944;16/6/2026;;
EAT26001890;CUBITT;CT-PWEP5;HET26000943;16/6/2026;;
EAT26001888;CUBITT;CT-PWBUDS7;HET26000942;16/6/2026;;
EAT26001891;CUBITT;CT-PWEP9;HET26000941;16/6/2026;;
EAT26001889;CUBITT;CT-PWEP1;HET26000940;16/6/2026;;
EAT26001914;4G_LTE_GPS_TRACKER;G900LS;HET26000939;16/6/2026;;
EAT26001929;ZEBRA;TCX01G;HET26000938;16/6/2026;;
EAT26001829;TP-LINK;SG3452P;HET26000975;16/6/2026;;
EAT26001879;CUBITT;CT-PWANC-3;HET26000955;16/6/2026;;
EAT26001830;TP-LINK;DS-LGPA-16;HET26000976;16/6/2026;;
EAT26001831;TP-LINK;DS-P7001-01;HET26000977;16/6/2026;;
EAT26001780;HUAWEI_TECHNOLOGIES;OPTIXSTAR_S800E;HET26000978;16/6/2026;;
EAT26001950;FUJIAN_BELFONE_COMMUNICATIONS_TECHNOLOGY_CO_LTD;BF-TM950;HET26000979;16/6/2026;;
EAT26001898;VSOL;V1600D4-DP;HET26000980;16/6/2026;;
EAT26001896;VSOL;V2801T;HET26000981;16/6/2026;;
EAT26001897;VSOL;V3600G1-C;HET26000982;16/6/2026;;
EAT26001892;HTFUTURE;HT6000;HET26000983;16/6/2026;;
EAT26001895;ZTE;ZXA_10_C600_OLT;HET26000984;16/6/2026;;
EAT26001894;TP_LINK;P1201-08;HET26000985;16/6/2026;;
EAT26001895;ZTE;ZXA_10_C600_OLT;HET26000984;16/6/2026;;
EAT26001895;ZTE;ZXA_10_C600_OLT;HET26000984;16/6/2026;;
EAT26001897;VSOL;V3600G1-C;HET26000982;16/6/2026;;
EAT26001896;VSOL;V2801T;HET26000981;16/6/2026;;
EAT26001898;VSOL;V1600D4-DP;HET26000980;16/6/2026;;
EAT26001867;VSOL;HG5063C-AX30-1Q;HET26000973;16/6/2026;;
EAT26001874;VSOL;V2802AC-H;HET26000957;16/6/2026;;
EAT26001873;VSOL;V2801S-B;HET26000956;16/6/2026;;
EAT26001744;DAHUA;DH-CS4006-4GT-36;HET26000986;19/6/2026;;
EAT26001743;IMOU;HR12G;HET26000987;19/6/2026;;
EAT26001741;IMOU;HX15;HET26000988;19/6/2026;;
EAT26001742;IMOU;HR320;HET26000989;19/6/2026;;
EAT26001901;BOAFENG;UV-82;HET26000990;23/6/2026;;
EAT26001899;IRAY;MARS1717X;HET26000991;23/6/2026;;
EAT26001951;HUAWEI;OPTIXSTAR_EG8145X7-10;HET26000992;23/6/2026;;
EAT26001923;CISCO;C9300L-48P-4X-A;HET26000994;25/6/2026;;
EAT26001924;DECADE_TRANSMITTER;MS-100;HET26000995;25/6/2026;;
EAT26001921;BOAFEN;BF-888S;HET26000993;25/6/2026;;
EAT26001923;CISCO;C9300L-48P-4X-A;HET26000994;25/6/2026;;
EAT26001918;VSOL;V8601C-1;HET26000996;25/6/2026;;
EAT26001919;VSOL;V1600GT;HET26000997;25/6/2026;;
EAT26001920;VSOL;HG3110AX-XGS;HET26000998;25/6/2026;;
EAT26001923;CISCO;C9300L-48P-4X-A;HET26000994;25/6/2026;;
EAT26001920;VSOL;HG3110AX-XGS;HET26000998;25/6/2026;;
EAT26001919;VSOL;V1600GT;HET26000997;25/6/2026;;
EAT26001918;VSOL;V8601C-1;HET26000996;25/6/2026;;
EAT26001964;HYUNDAI_MOBIS;DCS40ZZZGX;HET26001031;29/6/2026;;
EAT26001970;HYUNDAI_MOBIS;DCS60ZZZGX;HET26001030;29/6/2026;;
EAT26001972;HYUNDAI_MOBIS;DCS80ZZZGX;HET26001029;29/6/2026;;
EAT26001973;HYUNDAI_MOBIS;DCS90ZZZGX;HET26001028;29/6/2026;;
EAT26001974;GSD;WXT2NM2611;HET26001027;29/6/2026;;
EAT26001977;KOZEN;K1112;HET26001026;29/6/2026;;
EAT26001984;TECNO;T1002;HET26001025;29/6/2026;;
EAT26001988;ERICSSON;UKL40163__A06;HET26001024;29/6/2026;;
EAT26001987;ERICSSON;UKL40162__A17;HET26001023;29/6/2026;;
EAT26001990;ERICSSON;UKL40170__A07HP;HET26001022;29/6/2026;;
EAT26001989;ERICSSON;UKL40167__A07HP;HET26001021;29/6/2026;;
EAT26001994;ERICSSON;UKL40171__A11HP;HET26001020;29/6/2026;;
EAT26001992;ERICSSON;UKL40170__A13HP;HET26001019;29/6/2026;;
EAT26001993;ERICSSON;UKL40170__A25HP;HET26001018;29/6/2026;;
EAT26001991;ERICSSON;UKL40168__A16HP;HET26001017;29/6/2026;;
EAT26001995;ERICSSON;UKL40171__A14HP;HET26001016;29/6/2026;;
EAT26001998;ERICSSON;UKL40171__A41HP;HET26001015;29/6/2026;;
EAT26001939;VSOL;V2924U-PSE;HET26000999;29/6/2026;;
EAT26001937;VSOL;V1600D-MINI;HET26001000;29/6/2026;;
EAT26001936;VSOL;V2902A-XGS;HET26001001;29/6/2026;;
EAT26001938;VSOL;V1600GS-032;HET26001002;29/6/2026;;
EAT26001932;DELL;HS2704;HET26001003;29/6/2026;;
EAT26001931;DELL;DWRFID2601;HET26001004;29/6/2026;;
EAT26001930;LENOVO;SK8867;HET26001005;29/6/2026;;
EAT26001184;CUBITT;CT-TERRA9;HET26001006;29/6/2026;;
EAT26002031;BELFONE;BF-TR950;HET26001007;29/6/2026;;
EAT26002022;F5;R4000;HET26001008;29/6/2026;;
EAT26002019;ACTIONTEC;WF-188N;HET26001009;29/6/2026;;
EAT26002020;ACTIONTEC;WF-186H;HET26001010;29/6/2026;;
EAT26002018;TOKAI_RIKA;B4P2F2R;HET26001011;29/6/2026;;
EAT26002004;DIAS;TPS31;HET26001012;29/6/2026;;
EAT26001996;ERICSSON;UKL40171__A15HP;HET26001013;29/6/2026;;
EAT26001997;ERICSSON;UKL40171__A18HP;HET26001014;29/6/2026;;
EAT26001938;VSOL;V1600GS-032;HET26001002;29/6/2026;;
EAT26001936;VSOL;V2902A-XGS;HET26001001;29/6/2026;;
EAT26001937;VSOL;V1600D-MINI;HET26001000;29/6/2026;;
EAT26001939;VSOL;V2924U-PSE;HET26000999;29/6/2026;;
EAT26001939;VSOL;V2924U-PSE;HET26000999;29/6/2026;;
EAT26001964;HYUNDAI_MOBIS;DCS40ZZZGX;HET26001031;29/6/2026;;
EAT26001970;HYUNDAI_MOBIS;DCS60ZZZGX;HET26001030;29/6/2026;;
EAT26001972;HYUNDAI_MOBIS;DCS80ZZZGX;HET26001029;29/6/2026;;
EAT26001973;HYUNDAI_MOBIS;DCS90ZZZGX;HET26001028;29/6/2026;;
EAT26001974;GSD;WXT2NM2611;HET26001027;29/6/2026;;
EAT26001977;KOZEN;K1112;HET26001026;29/6/2026;;
EAT26001984;TECNO;T1002;HET26001025;29/6/2026;;
EAT26001987;ERICSSON;UKL40162__A17;HET26001023;29/6/2026;;
EAT26001988;ERICSSON;UKL40163__A06;HET26001024;29/6/2026;;
EAT26001989;ERICSSON;UKL40167__A07HP;HET26001021;29/6/2026;;
EAT26001990;ERICSSON;UKL40170__A07HP;HET26001022;29/6/2026;;
EAT26001991;ERICSSON;UKL40168__A16HP;HET26001017;29/6/2026;;
EAT26001992;ERICSSON;UKL40170__A13HP;HET26001019;29/6/2026;;
EAT26001993;ERICSSON;UKL40170__A25HP;HET26001018;29/6/2026;;
EAT26001994;ERICSSON;UKL40171__A11HP;HET26001020;29/6/2026;;
EAT26001995;ERICSSON;UKL40171__A14HP;HET26001016;29/6/2026;;
EAT26001996;ERICSSON;UKL40171__A15HP;HET26001013;29/6/2026;;
EAT26001997;ERICSSON;UKL40171__A18HP;HET26001014;29/6/2026;;
EAT26001998;ERICSSON;UKL40171__A41HP;HET26001015;29/6/2026;;
EAT26002004;DIAS;TPS31;HET26001012;29/6/2026;;
EAT26002018;TOKAI_RIKA;B4P2F2R;HET26001011;29/6/2026;;
EAT26002019;ACTIONTEC;WF-188N;HET26001009;29/6/2026;;
EAT26002020;ACTIONTEC;WF-186H;HET26001010;29/6/2026;;
EAT26002022;F5;R4000;HET26001008;29/6/2026;;
EAT26002031;BELFONE;BF-TR950;HET26001007;29/6/2026;;
EAT26001795;REDMI;26020RNB4L;HET26001035;30/6/2026;;
EAT26001796;REDMI;25128RN17L;HET26001034;30/6/2026;;
EAT26001341;SHENZHEN__SHUNXUN__ELECTRONICS;SXHSD1B;HET26001033;30/6/2026;;
EAT26001342;SHENZHEN_SHUNXUN_ELECTRONICS_CO_LTD;SX_SDH_1B;HET26001032;30/6/2026;;
EAT26001341;SHENZHEN__SHUNXUN__ELECTRONICS;SXHSD1B;HET26001033;30/6/2026;;
EAT26001342;SHENZHEN_SHUNXUN_ELECTRONICS_CO_LTD;SX_SDH_1B;HET26001032;30/6/2026;;
EAT26001795;REDMI;26020RNB4L;HET26001035;30/6/2026;;
EAT26001796;REDMI;25128RN17L;HET26001034;30/6/2026;;
EAT26001606;NOAHLINK_WIRELESS_2;CPD-2;HET26001036;7/7/2026;;
EAT26002069;GENERICO;ADAPTADOR_WIFI_600MB;HET26001037;7/7/2026;;
EAT26002003;MOTOROLA;XT2623-5;HET26001059;10/7/2026;;
EAT26002033;DATACOM;DM4270_48XS6CX_WFAN_WMPLS;HET26001058;10/7/2026;;
EAT26002065;TP-LINK;SG3452XP;HET26001050;10/7/2026;;
EAT26002066;TP-LINK;SG3428X-M2;HET26001053;10/7/2026;;
EAT26002067;TP-LINK;AP8635-I;HET26001052;10/7/2026;;
EAT26002068;TP-LINK;AP9635;HET26001051;10/7/2026;;
EAT26002070;TP-LINK;AP9650;HET26001048;10/7/2026;;
EAT26002071;TP-LINK;EAP115;HET26001046;10/7/2026;;
EAT26002072;TP-LINK;EAP230-WALL;HET26001047;10/7/2026;;
EAT26002073;TP-LINK;EAP235-WALL;HET26001049;10/7/2026;;
EAT26002074;TP-LINK;EAP265_HD;HET26001042;10/7/2026;;
EAT26002075;TP-LINK;EAP610GP-DESKTOP;HET26001043;10/7/2026;;
EAT26002076;TP-LINK;EAP610-OUTDOOR;HET26001044;10/7/2026;;
EAT26002077;TP-LINK;EAP615GP-WALL;HET26001045;10/7/2026;;
EAT26002078;TP-LINK;EAP623-OUTDOOR_HD;HET26001041;10/7/2026;;
EAT26002079;TP-LINK;EAP683_UR;HET26001040;10/7/2026;;
EAT26002080;TP-LINK;CPE610;HET26001038;10/7/2026;;
EAT26002081;TP-LINK;CPE710;HET26001039;10/7/2026;;
EAT26002086;CERAGON_NETWORKS_AS;IP-50CX-7-8W_WITH_DXCX08-XXXY-CCZDD-EEZGG-T;HET26001054;10/7/2026;;
EAT26002087;CERAGON_NETWORKS_AS;IP-50CX-R-13W-XXXY-CCZDD-EEZGG-T;HET26001055;10/7/2026;;
EAT26002088;CERAGON_NETWORKS_AS;IP-50CX-R-18W-B-DXNN-T;HET26001057;10/7/2026;;
EAT26002089;CERAGON_NETWORKS_AS;IP-50CX-R-23W-B-DXNN_T;HET26001056;10/7/2026;;
EAT26002007;NOKIA;NOKIA_WIFI_BEACON_2;HET26001103;13/7/2026;;
EAT26002082;TP-LINK;TAPO_H200;HET26001099;13/7/2026;;
EAT26002083;MERCUSYS;MS106LP;HET26001100;13/7/2026;;
EAT26002084;MERCUSYS;MS108;HET26001102;13/7/2026;;
EAT26002085;MERCUSYS;MS110P;HET26001101;13/7/2026;;
EAT26002090;TP-LINK;S4500-16GP;HET26001095;13/7/2026;;
EAT26002091;TP-LINK;S4500-8GP2F;HET26001096;13/7/2026;;
EAT26002092;TP-LINK;S5500-24GP4F;HET26001097;13/7/2026;;
EAT26002093;TP-LINK;SG2210XMP-M2;HET26001098;13/7/2026;;
EAT26002095;TP-LINK;S4500-8GP;HET26001093;13/7/2026;;
EAT26002097;TP-LINK;SG3428XMPP;HET26001092;13/7/2026;;
EAT26002098;TP-LINK;SG3452;HET26001094;13/7/2026;;
EAT26002099;TP-LINK;SG3452XMPP;HET26001088;13/7/2026;;
EAT26002100;TP-LINK;TL-SF1006P;HET26001091;13/7/2026;;
EAT26002101;TP-LINK;TL-SF1009P;HET26001089;13/7/2026;;
EAT26002102;TP-LINK;TL-SF1016;HET26001090;13/7/2026;;
EAT26002104;RINONAV;THEIA;HET26001087;13/7/2026;;
EAT26002106;RINONAV;DIOS;HET26001086;13/7/2026;;
EAT26002107;RINONAV;P8III;HET26001085;13/7/2026;;
EAT26002108;TP-LINK;TL-SF1016DS;HET26001084;13/7/2026;;
EAT26002109;TP-LINK;TL-SF1024;HET26001082;13/7/2026;;
EAT26002110;TP-LINK;TL-SG1024;HET26001081;13/7/2026;;
EAT26002111;TP-LINK;TL-SG1210MP;HET26001083;13/7/2026;;
EAT26002112;TP-LINK;TL-SF1024D;HET26001077;13/7/2026;;
EAT26002113;TP-LINK;TL-SG1218MP;HET26001078;13/7/2026;;
EAT26002114;TP-LINK;TL-SG2016P;HET26001079;13/7/2026;;
EAT26002115;TP-LINK;TL-SG2210MP;HET26001080;13/7/2026;;
EAT26002116;HUAWEI;ONT_OPTIXSTAR_EG8145X7-10;HET26001076;13/7/2026;;
EAT26002117;TP-LINK;TL-SF1024M;HET26001072;13/7/2026;;
EAT26002118;TP-LINK;TL-SG2210P;HET26001073;13/7/2026;;
EAT26002119;TP-LINK;TL-SG2218P;HET26001074;13/7/2026;;
EAT26002120;TP-LINK;TL-SG3428X;HET26001075;13/7/2026;;
EAT26002121;TP-LINK;TL-SG3452P;HET26001071;13/7/2026;;
EAT26002122;TP-LINK;TL-SL1218P;HET26001069;13/7/2026;;
EAT26002123;TP-LINK;G36;HET26001070;13/7/2026;;
EAT26002138;HYUNDAI_MOBIS;VCL10ZZZXX;HET26001068;13/7/2026;;
EAT26002139;HYUNDAI_MOBIS;VCL30ZZZXX;HET26001067;13/7/2026;;
EAT26002140;HYUNDAI_MOBIS;VCL20ZZZXX;HET26001066;13/7/2026;;
EAT26002142;HYUNDAI_MOBIS;VCL40ZZZXX;HET26001065;13/7/2026;;
EAT26002143;HYUNDAI_MOBIS;VCL60ZZZXX;HET26001064;13/7/2026;;
EAT26002144;JUNIPER_NETWORKS;QFX5250-64OE;HET26001063;13/7/2026;;
EAT26002148;GENESIS;CCRCSLIMH;HET26001062;13/7/2026;;
EAT26002149;GENESIS;CCRCSLIMM;HET26001061;13/7/2026;;
EAT26002150;JUNIPER_NETWORKS;EX4100-48P;HET26001060;13/7/2026;;
EAT26002151;VERSA;CSG770-2LA;HET26002111;13/7/2026;;
EAT26002161;ZEBRA;TC58BE;HET26002110;13/7/2026;;
EAT26002163;VSOL;V8616W-34-8P;HET26002106;13/7/2026;;
EAT26002164;VSOL;V1600G1WEO-B;HET26002108;13/7/2026;;
EAT26002165;VSOL;V2801SC-B;HET26002107;13/7/2026;;
EAT26002166;VSOL;HG322PW;HET26002109;13/7/2026;;
EAT26002167;DECARD;P18Q;HET26002105;13/7/2026;;
EAT26002168;HYUNDAI_MOBIS;ASRKET01;HET26002104;13/7/2026;;
EAT26002169;IMOU;HX21;HET26002103;13/7/2026;;
EAT26002178;NETSO;ZC_521X6D;HET26002117;14/7/2026;;
EAT26002180;NIDEC;J166E;HET26002112;14/7/2026;;
EAT26002181;NIDEC;R515E;HET26002116;14/7/2026;;
EAT26002182;NIDEC;GHR-M014;HET26002115;14/7/2026;;
EAT26002183;NIDEC;GGM-M017;HET26002114;14/7/2026;;
EAT26002186;HYUNDAI_MOBIS;ASTPMS01;HET26002113;14/7/2026;;
EAT26001406;STARLINK;UTA-222;HET26002118;15/7/2026;;
EAT26002204;CAEA;DR_ZCU_10;HET26002126;16/7/2026;;
EAT26002210;BAOFENG_1701;DMR_1701;HET26002124;16/7/2026;;
EAT26002211;BAOFENG;DM-32;HET26002125;16/7/2026;;
EAT26002212;BAOFENG;UV-10;HET26002123;16/7/2026;;
EAT26002215;SIKLU_COMMUNICATION_LTD;ETHERHAUL_EH-8010FX;HET26002121;16/7/2026;;
EAT26002216;SIKLU_COMMUNICATION_LTD;EH-710TX;HET26002122;16/7/2026;;
EAT26002217;HYUNDAI_KEFICO;9009010188;HET26002120;16/7/2026;;
EAT26002218;HYUNDAI_KEFICO;9009010189;HET26002119;16/7/2026;;
EAT26002221;COBAN;405C;HET26002127;16/7/2026;;
EAT26002220;VW;KEY_ASSEMBLY_LOCK_CYLINDER;HET26002128;21/7/2026;;
EAT26002207;JOYNEXT;MAR-L1;HET26002143;28/7/2026;;
EAT26002224;SCANSTRUT;SC-CW-04G-011;HET26002141;28/7/2026;;
EAT26002228;BAOFENG;UV9RPRO;HET26002140;28/7/2026;;
EAT26002233;POLAR_ELECTRO_OY;PACER;HET26002137;28/7/2026;;
EAT26002234;POLAR_ELECTRO_OY;IGNITE_X3;HET26002138;28/7/2026;;
EAT26002235;POLAR_ELECTRO_OY;GRIT_X2;HET26002139;28/7/2026;;
EAT26002236;POLAR_ELECTRO_OY;VANTAGE_M3;HET26002136;28/7/2026;;
EAT26002241;RETEVIS;RT22;HET26002142;28/7/2026;;
EAT26002244;JOYNEXT;MAR-L3;HET26002135;28/7/2026;;
EAT26002245;A10;THUNDER_7440_CGN;HET26002134;28/7/2026;;
EAT26002247;A10;THUNDER_3350S_CFW;HET26002133;28/7/2026;;
EAT26002250;FOXCONN;T99W696;HET26002132;28/7/2026;;
EAT26003769;JILONG;KL_6300;HET26002131;28/7/2026;;
EAT26003824;STARLINK_DISH;UTA-231;HET26002130;28/7/2026;;
EAT26003825;STARLINK_DISH;UTA-232;HET26002129;28/7/2026;;
EAT26002257;TRENDNET_INC;TPE_TG80G;HET26002144;29/7/2026;;
EAT26001413;NOKIA;FMM-C-12-EC-TR-A;HET26002155;31/7/2026;;
EAT26001839;VW;3GB035869A;HET26002154;31/7/2026;;
EAT26001983;SCHNEIDER_ELECTRIC;AP9547_TARJETA_DE_RED_NMC_3_PARA_EASY_UPS_3-PH;HET26002153;31/7/2026;;
EAT26002006;POLAR_ELECTRO_OY;PACER;HET26002152;31/7/2026;;
EAT26002050;UBIQUITI;NBE-M5-16;HET26002158;31/7/2026;;
EAT26002051;UBIQUITI;PBE-M5-400;HET26002159;31/7/2026;;
EAT26002052;UBIQUITI;R5AC-LITE;HET26002156;31/7/2026;;
EAT26002053;UBIQUITI;ROCKET_M5;HET26002157;31/7/2026;;
EAT26002251;UBIQUITI;U7-LITE-US;HET26002150;31/7/2026;;
EAT26002252;UBIQUITI;U6-PRO-US;HET26002149;31/7/2026;;
EAT26002253;NETWORK_CABLIN_AND_ACCESORIES;USW-AGGREGATION;HET26002148;31/7/2026;;
EAT26002254;UBIQUITI;UDM-BEAST;HET26002151;31/7/2026;;
EAT26003763;GENERICO;ADAPTADOR_WIFI_1300MB;HET26002147;31/7/2026;;
EAT26003794;PADTEC;TRANSPONDER_DUAL_TMD400G-9A;HET26002145;31/7/2026;;
EAT26003795;PADTEC;M‡DULO_‡PTICO_CFP2_400G_DWDM;HET26002146;31/7/2026;;
EAT26002032;NOKIA;FLEX_ILS_EXTENDED_C-BAND_ASE_IDLER;HET26002164;4/8/2026;;
EAT26002229;PADTEC;TRANSPONDER_DUAL_2400G_TM2400G-NK;HET26002161;4/8/2026;;
EAT26002230;PADTEC;LIGHTPAD__MAX__M‡DULO__‡PTICO__CIM8__800GBPS__DWDM;HET26002162;4/8/2026;;
EAT26002231;PADTEC;MULTIPLEXOR_‡PTICO_32_CANALES_EN_UNA_RED_ITU_150_GHZ;HET26002163;4/8/2026;;
EAT26002232;PADTEC;LLAVE_‡PTICA_OPS-HB;HET26002160;4/8/2026;;
